ETE 2020;52200013;CEINTURE FEMME;Ceinture tressée avec boucle carré.;Ceinture tressée  avec boucle carre--;CEINTURE;ACCESSOIRE;DAME;JUNIOR;;ACCESSOIRE;SPORT;BOUCLE;UNI;CEINTURE;CEINTURE;;;;;ACCESSOIRE;4230000724392;42;CAMELLE;15.288;;0.000
ETE 2020;52200013;CEINTURE FEMME;Ceinture tressée avec boucle carré.;Ceinture tressée  avec boucle carre--;CEINTURE;ACCESSOIRE;DAME;JUNIOR;;ACCESSOIRE;SPORT;BOUCLE;UNI;CEINTURE;CEINTURE;;;;;ACCESSOIRE;4230000724408;44;CAMELLE;16.900;;97.000
ETE 2020;52200013;CEINTURE FEMME;Ceinture tressée avec boucle carré.;Ceinture tressée  avec boucle carre--;CEINTURE;ACCESSOIRE;DAME;JUNIOR;;ACCESSOIRE;SPORT;BOUCLE;UNI;CEINTURE;CEINTURE;;;;;ACCESSOIRE;4230000724415;46;CAMELLE;15.288;;0.000
ETE 2020;52200013;CEINTURE FEMME;Ceinture tressée avec boucle carré.;Ceinture tressée  avec boucle carre--;CEINTURE;ACCESSOIRE;DAME;JUNIOR;;ACCESSOIRE;SPORT;BOUCLE;UNI;CEINTURE;CEINTURE;;;;;ACCESSOIRE;4230000724422;48;CAMELLE;15.288;;0.000
ETE 2020;52200016;CEINTURE FEMME;Ceinture tressée avec boucle ovale.;Ceinture noir  tressée avec boucle ovale--;CEINTURE;ACCESSOIRE;DAME;JUNIOR;;ACCESSOIRE;SPORT;BOUCLE;UNI;CEINTURE;CEINTURE;;;;;ACCESSOIRE;4230000724675;38;NOIR;5.481;;0.000
ETE 2020;52200016;CEINTURE FEMME;Ceinture tressée avec boucle ovale.;Ceinture noir  tressée avec boucle ovale--;CEINTURE;ACCESSOIRE;DAME;JUNIOR;;ACCESSOIRE;SPORT;BOUCLE;UNI;CEINTURE;CEINTURE;;;;;ACCESSOIRE;4230000724682;40;NOIR;19.900;;135.000
ETE 2020;52200013;CEINTURE FEMME;Ceinture tressée avec boucle carré.;Ceinture tressée  avec boucle carre--;CEINTURE;ACCESSOIRE;DAME;JUNIOR;;ACCESSOIRE;SPORT;BOUCLE;UNI;CEINTURE;CEINTURE;;;;;ACCESSOIRE;4230000724354;34;CAMELLE;15.288;;0.000
ETE 2020;52200013;CEINTURE FEMME;Ceinture tressée avec boucle carré.;Ceinture tressée  avec boucle carre--;CEINTURE;ACCESSOIRE;DAME;JUNIOR;;ACCESSOIRE;SPORT;BOUCLE;UNI;CEINTURE;CEINTURE;;;;;ACCESSOIRE;4230000724361;36;CAMELLE;16.900;;101.000
ETE 2020;52200013;CEINTURE FEMME;Ceinture tressée avec boucle carré.;Ceinture tressée  avec boucle carre--;CEINTURE;ACCESSOIRE;DAME;JUNIOR;;ACCESSOIRE;SPORT;BOUCLE;UNI;CEINTURE;CEINTURE;;;;;ACCESSOIRE;4230000724378;38;CAMELLE;15.288;;0.000
ETE 2020;52200013;CEINTURE FEMME;Ceinture tressée avec boucle carré.;Ceinture tressée  avec boucle carre--;CEINTURE;ACCESSOIRE;DAME;JUNIOR;;ACCESSOIRE;SPORT;BOUCLE;UNI;CEINTURE;CEINTURE;;;;;ACCESSOIRE;4230000724385;40;CAMELLE;16.900;;91.000
ETE 2020;52200013;CEINTURE FEMME;Ceinture tressée avec boucle carré.;Ceinture tressée  avec boucle carre--;CEINTURE;ACCESSOIRE;DAME;JUNIOR;;ACCESSOIRE;SPORT;BOUCLE;UNI;CEINTURE;CEINTURE;;;;;ACCESSOIRE;4230000724439;50;CAMELLE;15.288;;0.000
ETE 2020;52200013;CEINTURE FEMME;Ceinture tressée avec boucle carré.;Ceinture tressée  avec boucle carre--;CEINTURE;ACCESSOIRE;DAME;JUNIOR;;ACCESSOIRE;SPORT;BOUCLE;UNI;CEINTURE;CEINTURE;;;;;ACCESSOIRE;4230000724446;32;CAMELLE;15.288;;0.000
ETE 2020;52200014;CEINTURE FEMME;Ceinture en raphia .;Ceinture tressée en  raphia beige avec boucle rond--;CEINTURE;ACCESSOIRE;DAME;JUNIOR;;ACCESSOIRE;SPORT;BOUCLE;UNI;CEINTURE;CEINTURE;;;;;ACCESSOIRE;4230000724453;34;BEIGE;10.961;;0.000
ETE 2020;52200016;CEINTURE FEMME;Ceinture tressée avec boucle ovale.;Ceinture noir  tressée avec boucle ovale--;CEINTURE;ACCESSOIRE;DAME;JUNIOR;;ACCESSOIRE;SPORT;BOUCLE;UNI;CEINTURE;CEINTURE;;;;;ACCESSOIRE;4230000724699;42;NOIR;5.481;;0.000
ETE 2020;52200014;CEINTURE FEMME;Ceinture en raphia .;Ceinture tressée en  raphia beige avec boucle rond--;CEINTURE;ACCESSOIRE;DAME;JUNIOR;;ACCESSOIRE;SPORT;BOUCLE;UNI;CEINTURE;CEINTURE;;;;;ACCESSOIRE;4230000724460;36;BEIGE;14.900;;118.000
ETE 2020;52200014;CEINTURE FEMME;Ceinture en raphia .;Ceinture tressée en  raphia beige avec boucle rond--;CEINTURE;ACCESSOIRE;DAME;JUNIOR;;ACCESSOIRE;SPORT;BOUCLE;UNI;CEINTURE;CEINTURE;;;;;ACCESSOIRE;4230000724477;38;BEIGE;10.961;;0.000
ETE 2020;52200014;CEINTURE FEMME;Ceinture en raphia .;Ceinture tressée en  raphia beige avec boucle rond--;CEINTURE;ACCESSOIRE;DAME;JUNIOR;;ACCESSOIRE;SPORT;BOUCLE;UNI;CEINTURE;CEINTURE;;;;;ACCESSOIRE;4230000724484;40;BEIGE;14.900;;126.000
ETE 2020;52200014;CEINTURE FEMME;Ceinture en raphia .;Ceinture tressée en  raphia beige avec boucle rond--;CEINTURE;ACCESSOIRE;DAME;JUNIOR;;ACCESSOIRE;SPORT;BOUCLE;UNI;CEINTURE;CEINTURE;;;;;ACCESSOIRE;4230000724491;42;BEIGE;10.961;;0.000
ETE 2020;52200014;CEINTURE FEMME;Ceinture en raphia .;Ceinture tressée en  raphia beige avec boucle rond--;CEINTURE;ACCESSOIRE;DAME;JUNIOR;;ACCESSOIRE;SPORT;BOUCLE;UNI;CEINTURE;CEINTURE;;;;;ACCESSOIRE;4230000724507;44;BEIGE;14.900;;134.000
ETE 2020;52200014;CEINTURE FEMME;Ceinture en raphia .;Ceinture tressée en  raphia beige avec boucle rond--;CEINTURE;ACCESSOIRE;DAME;JUNIOR;;ACCESSOIRE;SPORT;BOUCLE;UNI;CEINTURE;CEINTURE;;;;;ACCESSOIRE;4230000724514;46;BEIGE;10.961;;0.000
ETE 2020;52200014;CEINTURE FEMME;Ceinture en raphia .;Ceinture tressée en  raphia beige avec boucle rond--;CEINTURE;ACCESSOIRE;DAME;JUNIOR;;ACCESSOIRE;SPORT;BOUCLE;UNI;CEINTURE;CEINTURE;;;;;ACCESSOIRE;4230000724521;48;BEIGE;10.961;;0.000
ETE 2020;52200014;CEINTURE FEMME;Ceinture en raphia .;Ceinture tressée en  raphia beige avec boucle rond--;CEINTURE;ACCESSOIRE;DAME;JUNIOR;;ACCESSOIRE;SPORT;BOUCLE;UNI;CEINTURE;CEINTURE;;;;;ACCESSOIRE;4230000724538;50;BEIGE;10.961;;0.000
ETE 2020;52200014;CEINTURE FEMME;Ceinture en raphia .;Ceinture tressée en  raphia beige avec boucle rond--;CEINTURE;ACCESSOIRE;DAME;JUNIOR;;ACCESSOIRE;SPORT;BOUCLE;UNI;CEINTURE;CEINTURE;;;;;ACCESSOIRE;4230000724545;32;BEIGE;10.961;;0.000
ETE 2020;52200016;CEINTURE FEMME;Ceinture tressée avec boucle ovale.;Ceinture noir  tressée avec boucle ovale--;CEINTURE;ACCESSOIRE;DAME;JUNIOR;;ACCESSOIRE;SPORT;BOUCLE;UNI;CEINTURE;CEINTURE;;;;;ACCESSOIRE;4230000724651;34;NOIR;5.481;;0.000
ETE 2020;52200016;CEINTURE FEMME;Ceinture tressée avec boucle ovale.;Ceinture noir  tressée avec boucle ovale--;CEINTURE;ACCESSOIRE;DAME;JUNIOR;;ACCESSOIRE;SPORT;BOUCLE;UNI;CEINTURE;CEINTURE;;;;;ACCESSOIRE;4230000724668;36;NOIR;19.900;;134.000
ETE 2020;52200016;CEINTURE FEMME;Ceinture tressée avec boucle ovale.;Ceinture noir  tressée avec boucle ovale--;CEINTURE;ACCESSOIRE;DAME;JUNIOR;;ACCESSOIRE;SPORT;BOUCLE;UNI;CEINTURE;CEINTURE;;;;;ACCESSOIRE;4230000724705;44;NOIR;19.900;;157.000
ETE 2020;52200016;CEINTURE FEMME;Ceinture tressée avec boucle ovale.;Ceinture noir  tressée avec boucle ovale--;CEINTURE;ACCESSOIRE;DAME;JUNIOR;;ACCESSOIRE;SPORT;BOUCLE;UNI;CEINTURE;CEINTURE;;;;;ACCESSOIRE;4230000724712;46;NOIR;5.481;;0.000
ETE 2020;52200016;CEINTURE FEMME;Ceinture tressée avec boucle ovale.;Ceinture noir  tressée avec boucle ovale--;CEINTURE;ACCESSOIRE;DAME;JUNIOR;;ACCESSOIRE;SPORT;BOUCLE;UNI;CEINTURE;CEINTURE;;;;;ACCESSOIRE;4230000724729;48;NOIR;5.481;;0.000
ETE 2020;52200016;CEINTURE FEMME;Ceinture tressée avec boucle ovale.;Ceinture noir  tressée avec boucle ovale--;CEINTURE;ACCESSOIRE;DAME;JUNIOR;;ACCESSOIRE;SPORT;BOUCLE;UNI;CEINTURE;CEINTURE;;;;;ACCESSOIRE;4230000724736;50;NOIR;5.481;;0.000
ETE 2020;52200016;CEINTURE FEMME;Ceinture tressée avec boucle ovale.;Ceinture noir  tressée avec boucle ovale--;CEINTURE;ACCESSOIRE;DAME;JUNIOR;;ACCESSOIRE;SPORT;BOUCLE;UNI;CEINTURE;CEINTURE;;;;;ACCESSOIRE;4230000724743;32;NOIR;5.481;;0.000
HIVER 2021;83211002;PULL GROSSESSE;Pull de grosesse en maille.;Pull de grosesse à col rond ,manches longues  légèrement,fronce à l-tête de manches ,élastique sur les côtes,disponibles en plusieurs-couleurs.;PULL/SWEAT;FUTURE MAMAN;DAME;FUTUR MAMAN;;HAUT;SPORT;COL;UNI;VIDE;PULL;COTE POLYSTER;ESSENTIEL;MAILLE;REGULAR FIT;MUM;4230000708811;XXS;BEIGE;34.900;;0.000
HIVER 2021;83211002;PULL GROSSESSE;Pull de grosesse en maille.;Pull de grosesse à col rond ,manches longues  légèrement,fronce à l-tête de manches ,élastique sur les côtes,disponibles en plusieurs-couleurs.;PULL/SWEAT;FUTURE MAMAN;DAME;FUTUR MAMAN;;HAUT;SPORT;COL;UNI;VIDE;PULL;COTE POLYSTER;ESSENTIEL;MAILLE;REGULAR FIT;MUM;4230000708897;XXS;BLEU CLAIRE;34.900;;0.000
HIVER 2021;83211002;PULL GROSSESSE;Pull de grosesse en maille.;Pull de grosesse à col rond ,manches longues  légèrement,fronce à l-tête de manches ,élastique sur les côtes,disponibles en plusieurs-couleurs.;PULL/SWEAT;FUTURE MAMAN;DAME;FUTUR MAMAN;;HAUT;SPORT;COL;UNI;VIDE;PULL;COTE POLYSTER;ESSENTIEL;MAILLE;REGULAR FIT;MUM;4230000708736;XXS;OFF WHITE;34.900;;0.000
HIVER 2021;83211002;PULL GROSSESSE;Pull de grosesse en maille.;Pull de grosesse à col rond ,manches longues  légèrement,fronce à l-tête de manches ,élastique sur les côtes,disponibles en plusieurs-couleurs.;PULL/SWEAT;FUTURE MAMAN;DAME;FUTUR MAMAN;;HAUT;SPORT;COL;UNI;VIDE;PULL;COTE POLYSTER;ESSENTIEL;MAILLE;REGULAR FIT;MUM;4230000724279;XXS;ROSE DE SABLE;34.900;;0.000
HIVER 2021;83211002;PULL GROSSESSE;Pull de grosesse en maille.;Pull de grosesse à col rond ,manches longues  légèrement,fronce à l-tête de manches ,élastique sur les côtes,disponibles en plusieurs-couleurs.;PULL/SWEAT;FUTURE MAMAN;DAME;FUTUR MAMAN;;HAUT;SPORT;COL;UNI;VIDE;PULL;COTE POLYSTER;ESSENTIEL;MAILLE;REGULAR FIT;MUM;4230000708828;XS;BEIGE;34.900;;0.000
HIVER 2021;83211002;PULL GROSSESSE;Pull de grosesse en maille.;Pull de grosesse à col rond ,manches longues  légèrement,fronce à l-tête de manches ,élastique sur les côtes,disponibles en plusieurs-couleurs.;PULL/SWEAT;FUTURE MAMAN;DAME;FUTUR MAMAN;;HAUT;SPORT;COL;UNI;VIDE;PULL;COTE POLYSTER;ESSENTIEL;MAILLE;REGULAR FIT;MUM;4230000708903;XS;BLEU CLAIRE;34.900;;0.000
HIVER 2021;83211002;PULL GROSSESSE;Pull de grosesse en maille.;Pull de grosesse à col rond ,manches longues  légèrement,fronce à l-tête de manches ,élastique sur les côtes,disponibles en plusieurs-couleurs.;PULL/SWEAT;FUTURE MAMAN;DAME;FUTUR MAMAN;;HAUT;SPORT;COL;UNI;VIDE;PULL;COTE POLYSTER;ESSENTIEL;MAILLE;REGULAR FIT;MUM;4230000708743;XS;OFF WHITE;34.900;;0.000
HIVER 2021;83211002;PULL GROSSESSE;Pull de grosesse en maille.;Pull de grosesse à col rond ,manches longues  légèrement,fronce à l-tête de manches ,élastique sur les côtes,disponibles en plusieurs-couleurs.;PULL/SWEAT;FUTURE MAMAN;DAME;FUTUR MAMAN;;HAUT;SPORT;COL;UNI;VIDE;PULL;COTE POLYSTER;ESSENTIEL;MAILLE;REGULAR FIT;MUM;4230000724286;XS;ROSE DE SABLE;34.900;;0.000
HIVER 2021;83211002;PULL GROSSESSE;Pull de grosesse en maille.;Pull de grosesse à col rond ,manches longues  légèrement,fronce à l-tête de manches ,élastique sur les côtes,disponibles en plusieurs-couleurs.;PULL/SWEAT;FUTURE MAMAN;DAME;FUTUR MAMAN;;HAUT;SPORT;COL;UNI;VIDE;PULL;COTE POLYSTER;ESSENTIEL;MAILLE;REGULAR FIT;MUM;4230000708835;S;BEIGE;34.900;;29.000
HIVER 2021;83211002;PULL GROSSESSE;Pull de grosesse en maille.;Pull de grosesse à col rond ,manches longues  légèrement,fronce à l-tête de manches ,élastique sur les côtes,disponibles en plusieurs-couleurs.;PULL/SWEAT;FUTURE MAMAN;DAME;FUTUR MAMAN;;HAUT;SPORT;COL;UNI;VIDE;PULL;COTE POLYSTER;ESSENTIEL;MAILLE;REGULAR FIT;MUM;4230000708910;S;BLEU CLAIRE;34.900;;29.000
HIVER 2021;83211002;PULL GROSSESSE;Pull de grosesse en maille.;Pull de grosesse à col rond ,manches longues  légèrement,fronce à l-tête de manches ,élastique sur les côtes,disponibles en plusieurs-couleurs.;PULL/SWEAT;FUTURE MAMAN;DAME;FUTUR MAMAN;;HAUT;SPORT;COL;UNI;VIDE;PULL;COTE POLYSTER;ESSENTIEL;MAILLE;REGULAR FIT;MUM;4230000708750;S;OFF WHITE;34.900;;27.000
HIVER 2021;83211002;PULL GROSSESSE;Pull de grosesse en maille.;Pull de grosesse à col rond ,manches longues  légèrement,fronce à l-tête de manches ,élastique sur les côtes,disponibles en plusieurs-couleurs.;PULL/SWEAT;FUTURE MAMAN;DAME;FUTUR MAMAN;;HAUT;SPORT;COL;UNI;VIDE;PULL;COTE POLYSTER;ESSENTIEL;MAILLE;REGULAR FIT;MUM;4230000724293;S;ROSE DE SABLE;34.900;;28.000
HIVER 2021;83211002;PULL GROSSESSE;Pull de grosesse en maille.;Pull de grosesse à col rond ,manches longues  légèrement,fronce à l-tête de manches ,élastique sur les côtes,disponibles en plusieurs-couleurs.;PULL/SWEAT;FUTURE MAMAN;DAME;FUTUR MAMAN;;HAUT;SPORT;COL;UNI;VIDE;PULL;COTE POLYSTER;ESSENTIEL;MAILLE;REGULAR FIT;MUM;4230000708842;M;BEIGE;34.900;;31.000
HIVER 2021;83211002;PULL GROSSESSE;Pull de grosesse en maille.;Pull de grosesse à col rond ,manches longues  légèrement,fronce à l-tête de manches ,élastique sur les côtes,disponibles en plusieurs-couleurs.;PULL/SWEAT;FUTURE MAMAN;DAME;FUTUR MAMAN;;HAUT;SPORT;COL;UNI;VIDE;PULL;COTE POLYSTER;ESSENTIEL;MAILLE;REGULAR FIT;MUM;4230000708927;M;BLEU CLAIRE;34.900;;26.000
HIVER 2021;83211002;PULL GROSSESSE;Pull de grosesse en maille.;Pull de grosesse à col rond ,manches longues  légèrement,fronce à l-tête de manches ,élastique sur les côtes,disponibles en plusieurs-couleurs.;PULL/SWEAT;FUTURE MAMAN;DAME;FUTUR MAMAN;;HAUT;SPORT;COL;UNI;VIDE;PULL;COTE POLYSTER;ESSENTIEL;MAILLE;REGULAR FIT;MUM;4230000708767;M;OFF WHITE;34.900;;28.000
HIVER 2021;83211002;PULL GROSSESSE;Pull de grosesse en maille.;Pull de grosesse à col rond ,manches longues  légèrement,fronce à l-tête de manches ,élastique sur les côtes,disponibles en plusieurs-couleurs.;PULL/SWEAT;FUTURE MAMAN;DAME;FUTUR MAMAN;;HAUT;SPORT;COL;UNI;VIDE;PULL;COTE POLYSTER;ESSENTIEL;MAILLE;REGULAR FIT;MUM;4230000724309;M;ROSE DE SABLE;34.900;;30.000
HIVER 2021;83211002;PULL GROSSESSE;Pull de grosesse en maille.;Pull de grosesse à col rond ,manches longues  légèrement,fronce à l-tête de manches ,élastique sur les côtes,disponibles en plusieurs-couleurs.;PULL/SWEAT;FUTURE MAMAN;DAME;FUTUR MAMAN;;HAUT;SPORT;COL;UNI;VIDE;PULL;COTE POLYSTER;ESSENTIEL;MAILLE;REGULAR FIT;MUM;4230000708859;L;BEIGE;34.900;;28.000
HIVER 2021;83211002;PULL GROSSESSE;Pull de grosesse en maille.;Pull de grosesse à col rond ,manches longues  légèrement,fronce à l-tête de manches ,élastique sur les côtes,disponibles en plusieurs-couleurs.;PULL/SWEAT;FUTURE MAMAN;DAME;FUTUR MAMAN;;HAUT;SPORT;COL;UNI;VIDE;PULL;COTE POLYSTER;ESSENTIEL;MAILLE;REGULAR FIT;MUM;4230000708934;L;BLEU CLAIRE;34.900;;27.000
HIVER 2021;83211002;PULL GROSSESSE;Pull de grosesse en maille.;Pull de grosesse à col rond ,manches longues  légèrement,fronce à l-tête de manches ,élastique sur les côtes,disponibles en plusieurs-couleurs.;PULL/SWEAT;FUTURE MAMAN;DAME;FUTUR MAMAN;;HAUT;SPORT;COL;UNI;VIDE;PULL;COTE POLYSTER;ESSENTIEL;MAILLE;REGULAR FIT;MUM;4230000708774;L;OFF WHITE;34.900;;24.000
HIVER 2021;83211002;PULL GROSSESSE;Pull de grosesse en maille.;Pull de grosesse à col rond ,manches longues  légèrement,fronce à l-tête de manches ,élastique sur les côtes,disponibles en plusieurs-couleurs.;PULL/SWEAT;FUTURE MAMAN;DAME;FUTUR MAMAN;;HAUT;SPORT;COL;UNI;VIDE;PULL;COTE POLYSTER;ESSENTIEL;MAILLE;REGULAR FIT;MUM;4230000724316;L;ROSE DE SABLE;34.900;;25.000
HIVER 2021;83211002;PULL GROSSESSE;Pull de grosesse en maille.;Pull de grosesse à col rond ,manches longues  légèrement,fronce à l-tête de manches ,élastique sur les côtes,disponibles en plusieurs-couleurs.;PULL/SWEAT;FUTURE MAMAN;DAME;FUTUR MAMAN;;HAUT;SPORT;COL;UNI;VIDE;PULL;COTE POLYSTER;ESSENTIEL;MAILLE;REGULAR FIT;MUM;4230000708866;XL;BEIGE;34.900;;15.000
HIVER 2021;83211002;PULL GROSSESSE;Pull de grosesse en maille.;Pull de grosesse à col rond ,manches longues  légèrement,fronce à l-tête de manches ,élastique sur les côtes,disponibles en plusieurs-couleurs.;PULL/SWEAT;FUTURE MAMAN;DAME;FUTUR MAMAN;;HAUT;SPORT;COL;UNI;VIDE;PULL;COTE POLYSTER;ESSENTIEL;MAILLE;REGULAR FIT;MUM;4230000708941;XL;BLEU CLAIRE;34.900;;13.000
HIVER 2021;83211002;PULL GROSSESSE;Pull de grosesse en maille.;Pull de grosesse à col rond ,manches longues  légèrement,fronce à l-tête de manches ,élastique sur les côtes,disponibles en plusieurs-couleurs.;PULL/SWEAT;FUTURE MAMAN;DAME;FUTUR MAMAN;;HAUT;SPORT;COL;UNI;VIDE;PULL;COTE POLYSTER;ESSENTIEL;MAILLE;REGULAR FIT;MUM;4230000708781;XL;OFF WHITE;34.900;;12.000
HIVER 2021;83211002;PULL GROSSESSE;Pull de grosesse en maille.;Pull de grosesse à col rond ,manches longues  légèrement,fronce à l-tête de manches ,élastique sur les côtes,disponibles en plusieurs-couleurs.;PULL/SWEAT;FUTURE MAMAN;DAME;FUTUR MAMAN;;HAUT;SPORT;COL;UNI;VIDE;PULL;COTE POLYSTER;ESSENTIEL;MAILLE;REGULAR FIT;MUM;4230000724323;XL;ROSE DE SABLE;34.900;;10.000
HIVER 2021;83211002;PULL GROSSESSE;Pull de grosesse en maille.;Pull de grosesse à col rond ,manches longues  légèrement,fronce à l-tête de manches ,élastique sur les côtes,disponibles en plusieurs-couleurs.;PULL/SWEAT;FUTURE MAMAN;DAME;FUTUR MAMAN;;HAUT;SPORT;COL;UNI;VIDE;PULL;COTE POLYSTER;ESSENTIEL;MAILLE;REGULAR FIT;MUM;4230000708873;XXL;BEIGE;34.900;;0.000
HIVER 2021;83211002;PULL GROSSESSE;Pull de grosesse en maille.;Pull de grosesse à col rond ,manches longues  légèrement,fronce à l-tête de manches ,élastique sur les côtes,disponibles en plusieurs-couleurs.;PULL/SWEAT;FUTURE MAMAN;DAME;FUTUR MAMAN;;HAUT;SPORT;COL;UNI;VIDE;PULL;COTE POLYSTER;ESSENTIEL;MAILLE;REGULAR FIT;MUM;4230000708958;XXL;BLEU CLAIRE;34.900;;0.000
HIVER 2021;83211002;PULL GROSSESSE;Pull de grosesse en maille.;Pull de grosesse à col rond ,manches longues  légèrement,fronce à l-tête de manches ,élastique sur les côtes,disponibles en plusieurs-couleurs.;PULL/SWEAT;FUTURE MAMAN;DAME;FUTUR MAMAN;;HAUT;SPORT;COL;UNI;VIDE;PULL;COTE POLYSTER;ESSENTIEL;MAILLE;REGULAR FIT;MUM;4230000708798;XXL;OFF WHITE;34.900;;0.000
HIVER 2021;83211002;PULL GROSSESSE;Pull de grosesse en maille.;Pull de grosesse à col rond ,manches longues  légèrement,fronce à l-tête de manches ,élastique sur les côtes,disponibles en plusieurs-couleurs.;PULL/SWEAT;FUTURE MAMAN;DAME;FUTUR MAMAN;;HAUT;SPORT;COL;UNI;VIDE;PULL;COTE POLYSTER;ESSENTIEL;MAILLE;REGULAR FIT;MUM;4230000724330;XXL;ROSE DE SABLE;34.900;;0.000
HIVER 2021;83211002;PULL GROSSESSE;Pull de grosesse en maille.;Pull de grosesse à col rond ,manches longues  légèrement,fronce à l-tête de manches ,élastique sur les côtes,disponibles en plusieurs-couleurs.;PULL/SWEAT;FUTURE MAMAN;DAME;FUTUR MAMAN;;HAUT;SPORT;COL;UNI;VIDE;PULL;COTE POLYSTER;ESSENTIEL;MAILLE;REGULAR FIT;MUM;4230000708880;XXXL;BEIGE;34.900;;0.000
HIVER 2021;83211002;PULL GROSSESSE;Pull de grosesse en maille.;Pull de grosesse à col rond ,manches longues  légèrement,fronce à l-tête de manches ,élastique sur les côtes,disponibles en plusieurs-couleurs.;PULL/SWEAT;FUTURE MAMAN;DAME;FUTUR MAMAN;;HAUT;SPORT;COL;UNI;VIDE;PULL;COTE POLYSTER;ESSENTIEL;MAILLE;REGULAR FIT;MUM;4230000708965;XXXL;BLEU CLAIRE;34.900;;0.000
HIVER 2021;83211002;PULL GROSSESSE;Pull de grosesse en maille.;Pull de grosesse à col rond ,manches longues  légèrement,fronce à l-tête de manches ,élastique sur les côtes,disponibles en plusieurs-couleurs.;PULL/SWEAT;FUTURE MAMAN;DAME;FUTUR MAMAN;;HAUT;SPORT;COL;UNI;VIDE;PULL;COTE POLYSTER;ESSENTIEL;MAILLE;REGULAR FIT;MUM;4230000708804;XXXL;OFF WHITE;34.900;;0.000
HIVER 2021;83211002;PULL GROSSESSE;Pull de grosesse en maille.;Pull de grosesse à col rond ,manches longues  légèrement,fronce à l-tête de manches ,élastique sur les côtes,disponibles en plusieurs-couleurs.;PULL/SWEAT;FUTURE MAMAN;DAME;FUTUR MAMAN;;HAUT;SPORT;COL;UNI;VIDE;PULL;COTE POLYSTER;ESSENTIEL;MAILLE;REGULAR FIT;MUM;4230000724347;XXXL;ROSE DE SABLE;34.900;;0.000
