HIVER 2021;82210008;Ceinture;ceinture similicuir nouée.;ceinture similicuir nouée.;CEINTURE;ACCESSOIRE;DAME;DAME;;ACCESSOIRE;SPORT;SANS DETAIL;UNI;VIDE;CEINTURE;SIMILICUIR;;;;ACCESSOIRE;4230000739549;M;CAMELLE;9.900;;87.000
HIVER 2021;82211011;PULL FEMME;Pull en maille côtelée.;Pull ajuste en support cotele , col roule et manches longues--;PULL;MINIMALISTE FLOWER;DAME;JUNIOR;;HAUT;SPORT;SANS DETAIL;UNI;VIDE;PULL;;ESSENTIEL;COL SEMI MONTANT;SLIM FIT;COLLECTION;4230000731291;XS;BEIGE CLAIR;29.900;;12.000
HIVER 2021;82211011;PULL FEMME;Pull en maille côtelée.;Pull ajuste en support cotele , col roule et manches longues--;PULL;MINIMALISTE FLOWER;DAME;JUNIOR;;HAUT;SPORT;SANS DETAIL;UNI;VIDE;PULL;;ESSENTIEL;COL SEMI MONTANT;SLIM FIT;COLLECTION;4230000731376;XS;ROSE POUDRE;29.900;;8.000
HIVER 2021;82211011;PULL FEMME;Pull en maille côtelée.;Pull ajuste en support cotele , col roule et manches longues--;PULL;MINIMALISTE FLOWER;DAME;JUNIOR;;HAUT;SPORT;SANS DETAIL;UNI;VIDE;PULL;;ESSENTIEL;COL SEMI MONTANT;SLIM FIT;COLLECTION;4230000731307;S;BEIGE CLAIR;29.900;;24.000
HIVER 2021;82211011;PULL FEMME;Pull en maille côtelée.;Pull ajuste en support cotele , col roule et manches longues--;PULL;MINIMALISTE FLOWER;DAME;JUNIOR;;HAUT;SPORT;SANS DETAIL;UNI;VIDE;PULL;;ESSENTIEL;COL SEMI MONTANT;SLIM FIT;COLLECTION;4230000731383;S;ROSE POUDRE;29.900;;13.000
HIVER 2021;82211011;PULL FEMME;Pull en maille côtelée.;Pull ajuste en support cotele , col roule et manches longues--;PULL;MINIMALISTE FLOWER;DAME;JUNIOR;;HAUT;SPORT;SANS DETAIL;UNI;VIDE;PULL;;ESSENTIEL;COL SEMI MONTANT;SLIM FIT;COLLECTION;4230000731314;M;BEIGE CLAIR;29.900;;25.000
HIVER 2021;82211011;PULL FEMME;Pull en maille côtelée.;Pull ajuste en support cotele , col roule et manches longues--;PULL;MINIMALISTE FLOWER;DAME;JUNIOR;;HAUT;SPORT;SANS DETAIL;UNI;VIDE;PULL;;ESSENTIEL;COL SEMI MONTANT;SLIM FIT;COLLECTION;4230000731390;M;ROSE POUDRE;29.900;;17.000
HIVER 2021;82211011;PULL FEMME;Pull en maille côtelée.;Pull ajuste en support cotele , col roule et manches longues--;PULL;MINIMALISTE FLOWER;DAME;JUNIOR;;HAUT;SPORT;SANS DETAIL;UNI;VIDE;PULL;;ESSENTIEL;COL SEMI MONTANT;SLIM FIT;COLLECTION;4230000731321;L;BEIGE CLAIR;29.900;;36.000
HIVER 2021;82211011;PULL FEMME;Pull en maille côtelée.;Pull ajuste en support cotele , col roule et manches longues--;PULL;MINIMALISTE FLOWER;DAME;JUNIOR;;HAUT;SPORT;SANS DETAIL;UNI;VIDE;PULL;;ESSENTIEL;COL SEMI MONTANT;SLIM FIT;COLLECTION;4230000731406;L;ROSE POUDRE;29.900;;34.000
HIVER 2021;82211011;PULL FEMME;Pull en maille côtelée.;Pull ajuste en support cotele , col roule et manches longues--;PULL;MINIMALISTE FLOWER;DAME;JUNIOR;;HAUT;SPORT;SANS DETAIL;UNI;VIDE;PULL;;ESSENTIEL;COL SEMI MONTANT;SLIM FIT;COLLECTION;4230000731338;XL;BEIGE CLAIR;29.900;;17.000
HIVER 2021;82211011;PULL FEMME;Pull en maille côtelée.;Pull ajuste en support cotele , col roule et manches longues--;PULL;MINIMALISTE FLOWER;DAME;JUNIOR;;HAUT;SPORT;SANS DETAIL;UNI;VIDE;PULL;;ESSENTIEL;COL SEMI MONTANT;SLIM FIT;COLLECTION;4230000731413;XL;ROSE POUDRE;29.900;;10.000
HIVER 2021;82211013;PULL FEMME;Pull col rond.;Pull col rond avec plis épaules et ceinture à la taille.--;PULL/SWEAT;PRESSED FLOWER;DAME;DAME;;HAUT;SPORT;PLIS;UNI;VIDE;PULL;LUNO;ESSENTIEL;MAILLE;OVER-SIEZE;COLLECTION;4230000738757;L;NOIR;39.900;;34.000
HIVER 2021;82211014;PULL FEMME;Pull en maille texturé.;Pull à col semi-montant.Boutons doublés dans le dos .Manches semi-bouffantes .-;PULL/SWEAT;PRESSED FLOWER;DAME;DAME;;HAUT;SPORT;POIGNET;UNI TEXTURE;VIDE;PULL;;ESSENTIEL;CHAINE ET TRAME;REGULAR FIT;COLLECTION;4230000739020;M;ORANGE;34.900;;34.000
HIVER 2021;82211014;PULL FEMME;Pull en maille texturé.;Pull à col semi-montant.Boutons doublés dans le dos .Manches semi-bouffantes .-;PULL/SWEAT;PRESSED FLOWER;DAME;DAME;;HAUT;SPORT;POIGNET;UNI TEXTURE;VIDE;PULL;;ESSENTIEL;CHAINE ET TRAME;REGULAR FIT;COLLECTION;4230000739051;XXL;ORANGE;34.900;;33.000
HIVER 2021;82211017;PULL FEMME;Pull basic côtelé.;Pull basic côtelé a col rond ,disponible en plusieurs couleurs.--;PULL/SWEAT;NOSTALGIA;DAME;JUNIOR RESERVE;;HAUT;SPORT;SANS DETAIL;UNI;VIDE;PULL;;ESSENTIEL;MAILLE;SLIM FIT;COLLECTION;4230000736715;XS;VERT AMANDE;29.900;;5.000
HIVER 2021;82211017;PULL FEMME;Pull basic côtelé.;Pull basic côtelé a col rond ,disponible en plusieurs couleurs.--;PULL/SWEAT;NOSTALGIA;DAME;JUNIOR RESERVE;;HAUT;SPORT;SANS DETAIL;UNI;VIDE;PULL;;ESSENTIEL;MAILLE;SLIM FIT;COLLECTION;4230000736722;S;VERT AMANDE;29.900;;12.000
HIVER 2021;82211017;PULL FEMME;Pull basic côtelé.;Pull basic côtelé a col rond ,disponible en plusieurs couleurs.--;PULL/SWEAT;NOSTALGIA;DAME;JUNIOR RESERVE;;HAUT;SPORT;SANS DETAIL;UNI;VIDE;PULL;;ESSENTIEL;MAILLE;SLIM FIT;COLLECTION;4230000736746;L;VERT AMANDE;29.900;;17.000
HIVER 2021;82211017;PULL FEMME;Pull basic côtelé.;Pull basic côtelé a col rond ,disponible en plusieurs couleurs.--;PULL/SWEAT;NOSTALGIA;DAME;JUNIOR RESERVE;;HAUT;SPORT;SANS DETAIL;UNI;VIDE;PULL;;ESSENTIEL;MAILLE;SLIM FIT;COLLECTION;4230000736678;XL;ROSE POUDRE;29.900;;3.000
HIVER 2021;82211018;SWEAT FEMME;Sweat imprimé.;Sweat a manche longue tombante avec capuche--;SWEAT;BACK TO SCHOOL;DAME;JUNIOR RESERVE;;HAUT;SPORT;CAPPUCHE;UNI;VIDE;SWEAT;;ESSENTIEL;COL ROND;OVER-SIEZE;COLLECTION;4230000731888;L;OFF WHITE;74.900;;41.000
HIVER 2021;82213005;BLAZER FEMME;Blazer ouvert à double boutonnage.;Blazer avec col tailleur ,poches passepoilées sur le devant et-fermeture à double boutonnage sur le devant .-;VESTE;MINIMALISTE FLOWER;DAME;JUNIOR;;OUTWEAR;SPORT;COL;UNI;VIDE;BLAZER;;ESSENTIEL;CHAINE ET TRAME;REGULAR FIT;COLLECTION;4230000732496;XS;CAMELLE;129.900;;5.000
HIVER 2021;82213005;BLAZER FEMME;Blazer ouvert à double boutonnage.;Blazer avec col tailleur ,poches passepoilées sur le devant et-fermeture à double boutonnage sur le devant .-;VESTE;MINIMALISTE FLOWER;DAME;JUNIOR;;OUTWEAR;SPORT;COL;UNI;VIDE;BLAZER;;ESSENTIEL;CHAINE ET TRAME;REGULAR FIT;COLLECTION;4230000732410;XS;BLEU CLAIRE;129.900;;5.000
HIVER 2021;82213005;BLAZER FEMME;Blazer ouvert à double boutonnage.;Blazer avec col tailleur ,poches passepoilées sur le devant et-fermeture à double boutonnage sur le devant .-;VESTE;MINIMALISTE FLOWER;DAME;JUNIOR;;OUTWEAR;SPORT;COL;UNI;VIDE;BLAZER;;ESSENTIEL;CHAINE ET TRAME;REGULAR FIT;COLLECTION;4230000732502;S;CAMELLE;129.900;;15.000
HIVER 2021;82213005;BLAZER FEMME;Blazer ouvert à double boutonnage.;Blazer avec col tailleur ,poches passepoilées sur le devant et-fermeture à double boutonnage sur le devant .-;VESTE;MINIMALISTE FLOWER;DAME;JUNIOR;;OUTWEAR;SPORT;COL;UNI;VIDE;BLAZER;;ESSENTIEL;CHAINE ET TRAME;REGULAR FIT;COLLECTION;4230000732427;S;BLEU CLAIRE;129.900;;4.000
HIVER 2021;82213005;BLAZER FEMME;Blazer ouvert à double boutonnage.;Blazer avec col tailleur ,poches passepoilées sur le devant et-fermeture à double boutonnage sur le devant .-;VESTE;MINIMALISTE FLOWER;DAME;JUNIOR;;OUTWEAR;SPORT;COL;UNI;VIDE;BLAZER;;ESSENTIEL;CHAINE ET TRAME;REGULAR FIT;COLLECTION;4230000732519;M;CAMELLE;129.900;;17.000
HIVER 2021;82213005;BLAZER FEMME;Blazer ouvert à double boutonnage.;Blazer avec col tailleur ,poches passepoilées sur le devant et-fermeture à double boutonnage sur le devant .-;VESTE;MINIMALISTE FLOWER;DAME;JUNIOR;;OUTWEAR;SPORT;COL;UNI;VIDE;BLAZER;;ESSENTIEL;CHAINE ET TRAME;REGULAR FIT;COLLECTION;4230000732434;M;BLEU CLAIRE;129.900;;5.000
HIVER 2021;82213005;BLAZER FEMME;Blazer ouvert à double boutonnage.;Blazer avec col tailleur ,poches passepoilées sur le devant et-fermeture à double boutonnage sur le devant .-;VESTE;MINIMALISTE FLOWER;DAME;JUNIOR;;OUTWEAR;SPORT;COL;UNI;VIDE;BLAZER;;ESSENTIEL;CHAINE ET TRAME;REGULAR FIT;COLLECTION;4230000732526;L;CAMELLE;129.900;;18.000
HIVER 2021;82213005;BLAZER FEMME;Blazer ouvert à double boutonnage.;Blazer avec col tailleur ,poches passepoilées sur le devant et-fermeture à double boutonnage sur le devant .-;VESTE;MINIMALISTE FLOWER;DAME;JUNIOR;;OUTWEAR;SPORT;COL;UNI;VIDE;BLAZER;;ESSENTIEL;CHAINE ET TRAME;REGULAR FIT;COLLECTION;4230000732441;L;BLEU CLAIRE;129.900;;9.000
HIVER 2021;82213005;BLAZER FEMME;Blazer ouvert à double boutonnage.;Blazer avec col tailleur ,poches passepoilées sur le devant et-fermeture à double boutonnage sur le devant .-;VESTE;MINIMALISTE FLOWER;DAME;JUNIOR;;OUTWEAR;SPORT;COL;UNI;VIDE;BLAZER;;ESSENTIEL;CHAINE ET TRAME;REGULAR FIT;COLLECTION;4230000732533;XL;CAMELLE;129.900;;8.000
HIVER 2021;82213005;BLAZER FEMME;Blazer ouvert à double boutonnage.;Blazer avec col tailleur ,poches passepoilées sur le devant et-fermeture à double boutonnage sur le devant .-;VESTE;MINIMALISTE FLOWER;DAME;JUNIOR;;OUTWEAR;SPORT;COL;UNI;VIDE;BLAZER;;ESSENTIEL;CHAINE ET TRAME;REGULAR FIT;COLLECTION;4230000732458;XL;BLEU CLAIRE;129.900;;7.000
HIVER 2021;82213013;GILET FEMME;Ensemble en maille brodé.;Gilet longue avec ceinture à la taille et à manches tombantes--;VESTE;RETRO-GEO;DAME;DAME RESERVE;;OUTWEAR;SPORT CHIC;MANCHE;UNI;REGULAR;GILET;;ESSENTIEL;MAILLE;LONGUE;COLLECTION;4230000700723;XXXL;VERT EMERAUDE;69.900;;16.000
HIVER 2021;82213019;TRENCH FEMME;Trench en similicuir à ceinture.;Trench avec col à revers et manches longues.Poches sur les côtés.-Ceinture à nouer de même tissu .-;VESTE;PRESSED FLOWER;DAME;DAME;;OUTWEAR;SPORT;COL RAS DU COU;UNI;VIDE;TRENCH;SIMILICUIR;ESSENTIEL;CHAINE ET TRAME;REGULAR FIT;COLLECTION;4230000700945;XL;NOIR;99.899;;41.000
HIVER 2021;82213205;BLAZER FEMME;Blazer ouvert à double boutonnage.;Blazer sport col tailleur avec 2 poches passepoile--;VESTE;MINIMALISTE FLOWER;DAME;JUNIOR;;OUTWEAR;SPORT;COUPE;CARREAU;VIDE;BLAZER;;ESSENTIEL;CHAINE ET TRAME;REGULAR FIT;COLLECTION;4230000738382;XS;BLEU CLAIR/BEIGE/BLEU MAR;159.900;;14.000
HIVER 2021;82213205;BLAZER FEMME;Blazer ouvert à double boutonnage.;Blazer sport col tailleur avec 2 poches passepoile--;VESTE;MINIMALISTE FLOWER;DAME;JUNIOR;;OUTWEAR;SPORT;COUPE;CARREAU;VIDE;BLAZER;;ESSENTIEL;CHAINE ET TRAME;REGULAR FIT;COLLECTION;4230000738399;S;BLEU CLAIR/BEIGE/BLEU MAR;159.900;;29.000
HIVER 2021;82213205;BLAZER FEMME;Blazer ouvert à double boutonnage.;Blazer sport col tailleur avec 2 poches passepoile--;VESTE;MINIMALISTE FLOWER;DAME;JUNIOR;;OUTWEAR;SPORT;COUPE;CARREAU;VIDE;BLAZER;;ESSENTIEL;CHAINE ET TRAME;REGULAR FIT;COLLECTION;4230000738405;M;BLEU CLAIR/BEIGE/BLEU MAR;159.900;;30.000
HIVER 2021;82213205;BLAZER FEMME;Blazer ouvert à double boutonnage.;Blazer sport col tailleur avec 2 poches passepoile--;VESTE;MINIMALISTE FLOWER;DAME;JUNIOR;;OUTWEAR;SPORT;COUPE;CARREAU;VIDE;BLAZER;;ESSENTIEL;CHAINE ET TRAME;REGULAR FIT;COLLECTION;4230000738412;L;BLEU CLAIR/BEIGE/BLEU MAR;159.900;;38.000
HIVER 2021;82213205;BLAZER FEMME;Blazer ouvert à double boutonnage.;Blazer sport col tailleur avec 2 poches passepoile--;VESTE;MINIMALISTE FLOWER;DAME;JUNIOR;;OUTWEAR;SPORT;COUPE;CARREAU;VIDE;BLAZER;;ESSENTIEL;CHAINE ET TRAME;REGULAR FIT;COLLECTION;4230000738429;XL;BLEU CLAIR/BEIGE/BLEU MAR;159.900;;17.000
HIVER 2021;82214002;ROBE FEMME;Robe longue à lacet.;Robe à encolure en v avec décolleté surplis et manches longues,lacé-sur bas manche .-;ROBE;PRESSED FLOWER;DAME;DAME;;LOOK TOTAL;SPORT;FRONCE;UNI;VIDE;ROBE;;ESSENTIEL;CHAINE ET TRAME;LONGUE;COLLECTION;4230000716137;S;VERT MILITAIRE;69.900;;15.000
HIVER 2021;82214002;ROBE FEMME;Robe longue à lacet.;Robe à encolure en v avec décolleté surplis et manches longues,lacé-sur bas manche .-;ROBE;PRESSED FLOWER;DAME;DAME;;LOOK TOTAL;SPORT;FRONCE;UNI;VIDE;ROBE;;ESSENTIEL;CHAINE ET TRAME;LONGUE;COLLECTION;4230000716076;L;NOIR;69.900;;16.000
HIVER 2021;82214002;ROBE FEMME;Robe longue à lacet.;Robe à encolure en v avec décolleté surplis et manches longues,lacé-sur bas manche .-;ROBE;PRESSED FLOWER;DAME;DAME;;LOOK TOTAL;SPORT;FRONCE;UNI;VIDE;ROBE;;ESSENTIEL;CHAINE ET TRAME;LONGUE;COLLECTION;4230000716083;XL;NOIR;69.900;;17.000
HIVER 2021;82214002;ROBE FEMME;Robe longue à lacet.;Robe à encolure en v avec décolleté surplis et manches longues,lacé-sur bas manche .-;ROBE;PRESSED FLOWER;DAME;DAME;;LOOK TOTAL;SPORT;FRONCE;UNI;VIDE;ROBE;;ESSENTIEL;CHAINE ET TRAME;LONGUE;COLLECTION;4230000716175;XXL;VERT MILITAIRE;69.900;;39.000
HIVER 2021;82214007;ROBE FEMME;Robe longue en maille texturé.;Robe col v à manches longues.Poignets et taille élastique.-Boutonnage sur le devant .-;ROBE;RETRO-GEO;DAME;DAME RESERVE;;LOOK TOTAL;SPORT CHIC;VOLANT GITANE;UNI TEXTURE;VIDE;ROBE;;ESSENTIEL;CHAINE ET TRAME;LONGUE;COLLECTION;4230000739099;S;ORANGE;69.900;;9.000
HIVER 2021;82214007;ROBE FEMME;Robe longue en maille texturé.;Robe col v à manches longues.Poignets et taille élastique.-Boutonnage sur le devant .-;ROBE;RETRO-GEO;DAME;DAME RESERVE;;LOOK TOTAL;SPORT CHIC;VOLANT GITANE;UNI TEXTURE;VIDE;ROBE;;ESSENTIEL;CHAINE ET TRAME;LONGUE;COLLECTION;4230000697504;M;VERT EMERAUDE;69.900;;10.000
HIVER 2021;82215005;LIQUETTE FEMME;Blouse à manches bouffantes.;Liquette a manches longues bouffantes et a col officier--;CHEMISE/CHEMISIER;RETRO-GEO;DAME;DAME RESERVE;;HAUT;SPORT CHIC;MANCHE;UNI;VIDE;LIQUETTE;;ESSENTIEL;COL SEMI MONTANT;OVER-SIEZE;COLLECTION;4230000716625;M;CAMELLE;64.900;;24.000
HIVER 2021;82215005;LIQUETTE FEMME;Blouse à manches bouffantes.;Liquette a manches longues bouffantes et a col officier--;CHEMISE/CHEMISIER;RETRO-GEO;DAME;DAME RESERVE;;HAUT;SPORT CHIC;MANCHE;UNI;VIDE;LIQUETTE;;ESSENTIEL;COL SEMI MONTANT;OVER-SIEZE;COLLECTION;4230000716724;XL;NOIR;64.900;;39.000
HIVER 2021;82215027;LIQUETTE FEMME;Liquette imprimé à col classique.;Liquette avec manche tombante longue a col chemise avec detail biais-au niveau du decoupe epaule ,patte et poignet-;CHEMISE/CHEMISIER;RETRO-GEO;DAME;DAME;;HAUT;SPORT CHIC;DECOUPE;GEOMETRIQUE;VIDE;LIQUETTE;;ESSENTIEL;COL CHEMISE;REGULAR FIT;COLLECTION;4230000735602;M;BLEU/NOIR/BLEUVERT;84.900;;41.000
HIVER 2021;82215027;LIQUETTE FEMME;Liquette imprimé à col classique.;Liquette avec manche tombante longue a col chemise avec detail biais-au niveau du decoupe epaule ,patte et poignet-;CHEMISE/CHEMISIER;RETRO-GEO;DAME;DAME;;HAUT;SPORT CHIC;DECOUPE;GEOMETRIQUE;VIDE;LIQUETTE;;ESSENTIEL;COL CHEMISE;REGULAR FIT;COLLECTION;4230000735633;XXL;BLEU/NOIR/BLEUVERT;84.900;;41.000
HIVER 2021;82216001;SURCHEMISE FEM;Surchemise carreaux.;Surchemise à carreaux, avec poches avant au niveau de la poitrine, col classique et fermeture boutonnée;CHEMISE/CHEMISIER;MINIMALISTE FLOWER;DAME;JUNIOR;;HAUT;SPORT;TISSU;CARREAU;VIDE;SUR CHEMISE;FLANEL;ESSENTIEL;CHAINE ET TRAME;OVER-SIEZE;COLLECTION;4230000733288;XXS;NOIR/BEIGE/OFF WHITE;111.344;;0.000
HIVER 2021;82216001;SURCHEMISE FEM;Surchemise carreaux.;Surchemise à carreaux, avec poches avant au niveau de la poitrine, col classique et fermeture boutonnée;CHEMISE/CHEMISIER;MINIMALISTE FLOWER;DAME;JUNIOR;;HAUT;SPORT;TISSU;CARREAU;VIDE;SUR CHEMISE;FLANEL;ESSENTIEL;CHAINE ET TRAME;OVER-SIEZE;COLLECTION;4230000733295;XS;NOIR/BEIGE/OFF WHITE;99.900;;16.000
HIVER 2021;82216001;SURCHEMISE FEM;Surchemise carreaux.;Surchemise à carreaux, avec poches avant au niveau de la poitrine, col classique et fermeture boutonnée;CHEMISE/CHEMISIER;MINIMALISTE FLOWER;DAME;JUNIOR;;HAUT;SPORT;TISSU;CARREAU;VIDE;SUR CHEMISE;FLANEL;ESSENTIEL;CHAINE ET TRAME;OVER-SIEZE;COLLECTION;4230000733301;S;NOIR/BEIGE/OFF WHITE;99.900;;37.000
HIVER 2021;82216001;SURCHEMISE FEM;Surchemise carreaux.;Surchemise à carreaux, avec poches avant au niveau de la poitrine, col classique et fermeture boutonnée;CHEMISE/CHEMISIER;MINIMALISTE FLOWER;DAME;JUNIOR;;HAUT;SPORT;TISSU;CARREAU;VIDE;SUR CHEMISE;FLANEL;ESSENTIEL;CHAINE ET TRAME;OVER-SIEZE;COLLECTION;4230000733318;M;NOIR/BEIGE/OFF WHITE;99.900;;35.000
HIVER 2021;82216001;SURCHEMISE FEM;Surchemise carreaux.;Surchemise à carreaux, avec poches avant au niveau de la poitrine, col classique et fermeture boutonnée;CHEMISE/CHEMISIER;MINIMALISTE FLOWER;DAME;JUNIOR;;HAUT;SPORT;TISSU;CARREAU;VIDE;SUR CHEMISE;FLANEL;ESSENTIEL;CHAINE ET TRAME;OVER-SIEZE;COLLECTION;4230000733325;L;NOIR/BEIGE/OFF WHITE;99.900;;36.000
HIVER 2021;82216001;SURCHEMISE FEM;Surchemise carreaux.;Surchemise à carreaux, avec poches avant au niveau de la poitrine, col classique et fermeture boutonnée;CHEMISE/CHEMISIER;MINIMALISTE FLOWER;DAME;JUNIOR;;HAUT;SPORT;TISSU;CARREAU;VIDE;SUR CHEMISE;FLANEL;ESSENTIEL;CHAINE ET TRAME;OVER-SIEZE;COLLECTION;4230000733332;XL;NOIR/BEIGE/OFF WHITE;99.900;;20.000
HIVER 2021;82216001;SURCHEMISE FEM;Surchemise carreaux.;Surchemise à carreaux, avec poches avant au niveau de la poitrine, col classique et fermeture boutonnée;CHEMISE/CHEMISIER;MINIMALISTE FLOWER;DAME;JUNIOR;;HAUT;SPORT;TISSU;CARREAU;VIDE;SUR CHEMISE;FLANEL;ESSENTIEL;CHAINE ET TRAME;OVER-SIEZE;COLLECTION;4230000733349;XXL;NOIR/BEIGE/OFF WHITE;111.344;;0.000
HIVER 2021;82216001;SURCHEMISE FEM;Surchemise carreaux.;Surchemise à carreaux, avec poches avant au niveau de la poitrine, col classique et fermeture boutonnée;CHEMISE/CHEMISIER;MINIMALISTE FLOWER;DAME;JUNIOR;;HAUT;SPORT;TISSU;CARREAU;VIDE;SUR CHEMISE;FLANEL;ESSENTIEL;CHAINE ET TRAME;OVER-SIEZE;COLLECTION;4230000733356;XXXL;NOIR/BEIGE/OFF WHITE;111.344;;0.000
HIVER 2021;82216002;CHEMISE FEMME;Chemise à carreaux.;Chemise avec poche plaquée sur la poitrine,manches longues à poignets-à boutons , col classique,boutonnage sur le devant .-;CHEMISE/CHEMISIER;MINIMALISTE FLOWER;DAME;JUNIOR;;HAUT;SPORT;POCHE;CARREAU;VIDE;CHEMISE;;ESSENTIEL;CHAINE ET TRAME;REGULAR FIT;COLLECTION;4230000736074;S;GREIGE/BLEU/MARRON;79.900;;48.000
HIVER 2021;82216002;CHEMISE FEMME;Chemise à carreaux.;Chemise avec poche plaquée sur la poitrine,manches longues à poignets-à boutons , col classique,boutonnage sur le devant .-;CHEMISE/CHEMISIER;MINIMALISTE FLOWER;DAME;JUNIOR;;HAUT;SPORT;POCHE;CARREAU;VIDE;CHEMISE;;ESSENTIEL;CHAINE ET TRAME;REGULAR FIT;COLLECTION;4230000736081;M;GREIGE/BLEU/MARRON;79.900;;46.000
HIVER 2021;82216002;CHEMISE FEMME;Chemise à carreaux.;Chemise avec poche plaquée sur la poitrine,manches longues à poignets-à boutons , col classique,boutonnage sur le devant .-;CHEMISE/CHEMISIER;MINIMALISTE FLOWER;DAME;JUNIOR;;HAUT;SPORT;POCHE;CARREAU;VIDE;CHEMISE;;ESSENTIEL;CHAINE ET TRAME;REGULAR FIT;COLLECTION;4230000736104;XL;GREIGE/BLEU/MARRON;79.900;;22.000
HIVER 2021;82216005;CHEMISE FEMME;Chemise à manches bouffantes.;Chemise avec manches bouffantes,fronces aux épaules,large poignets-boutonnés ,ouvrable sur DVT.-;CHEMISE/CHEMISIER;PRESSED FLOWER;DAME;DAME;;HAUT;SPORT;MANCHE;UNI;VIDE;CHEMISE;;ESSENTIEL;CHAINE ET TRAME;REGULAR FIT;COLLECTION;4230000717332;S;NOIR;54.900;;18.000
HIVER 2021;82216007;SUR CHEMISE FEM;Surchemise à ceinture .;Sur chemise a manche longue tombante avec ceinture--;CHEMISE/CHEMISIER;NOSTALGIA;DAME;JUNIOR RESERVE;;HAUT;SPORT;POCHE;CARREAU;VIDE;SUR CHEMISE;;ESSENTIEL;DJEANS;REGULAR FIT;DENIM;4230000739860;XS;VERT MILITAIRE;99.900;;17.000
HIVER 2021;82216007;SUR CHEMISE FEM;Surchemise à ceinture .;Sur chemise a manche longue tombante avec ceinture--;CHEMISE/CHEMISIER;NOSTALGIA;DAME;JUNIOR RESERVE;;HAUT;SPORT;POCHE;CARREAU;VIDE;SUR CHEMISE;;ESSENTIEL;DJEANS;REGULAR FIT;DENIM;4230000739891;L;VERT MILITAIRE;99.900;;36.000
HIVER 2021;82216024;CHEMISE FEMME;Chemisier boutonnée sur le devant.;Chemiser à manches longues et  pate DVT et col asymétrique,boutonnée-sur le devant, avec  plis plat sur épaule.-;CHEMISE/CHEMISIER;RETRO-GEO;DAME;DAME RESERVE;;HAUT;SPORT CHIC;PATTE;UNI;VIDE;CHEMISIER;ETAMINE;ESSENTIEL;CHAINE ET TRAME;REGULAR FIT;COLLECTION;4230000729038;S;VERT EMERAUDE;54.900;;20.000
HIVER 2021;82216024;CHEMISE FEMME;Chemisier boutonnée sur le devant.;Chemiser à manches longues et  pate DVT et col asymétrique,boutonnée-sur le devant, avec  plis plat sur épaule.-;CHEMISE/CHEMISIER;RETRO-GEO;DAME;DAME RESERVE;;HAUT;SPORT CHIC;PATTE;UNI;VIDE;CHEMISIER;ETAMINE;ESSENTIEL;CHAINE ET TRAME;REGULAR FIT;COLLECTION;4230000729045;M;VERT EMERAUDE;54.900;;44.000
HIVER 2021;82216024;CHEMISE FEMME;Chemisier boutonnée sur le devant.;Chemiser à manches longues et  pate DVT et col asymétrique,boutonnée-sur le devant, avec  plis plat sur épaule.-;CHEMISE/CHEMISIER;RETRO-GEO;DAME;DAME RESERVE;;HAUT;SPORT CHIC;PATTE;UNI;VIDE;CHEMISIER;ETAMINE;ESSENTIEL;CHAINE ET TRAME;REGULAR FIT;COLLECTION;4230000728970;L;NOIR;54.900;;38.000
HIVER 2021;82216024;CHEMISE FEMME;Chemisier boutonnée sur le devant.;Chemiser à manches longues et  pate DVT et col asymétrique,boutonnée-sur le devant, avec  plis plat sur épaule.-;CHEMISE/CHEMISIER;RETRO-GEO;DAME;DAME RESERVE;;HAUT;SPORT CHIC;PATTE;UNI;VIDE;CHEMISIER;ETAMINE;ESSENTIEL;CHAINE ET TRAME;REGULAR FIT;COLLECTION;4230000729052;L;VERT EMERAUDE;54.900;;34.000
HIVER 2021;82216024;CHEMISE FEMME;Chemisier boutonnée sur le devant.;Chemiser à manches longues et  pate DVT et col asymétrique,boutonnée-sur le devant, avec  plis plat sur épaule.-;CHEMISE/CHEMISIER;RETRO-GEO;DAME;DAME RESERVE;;HAUT;SPORT CHIC;PATTE;UNI;VIDE;CHEMISIER;ETAMINE;ESSENTIEL;CHAINE ET TRAME;REGULAR FIT;COLLECTION;4230000729069;XL;VERT EMERAUDE;54.900;;42.000
HIVER 2021;82216024;CHEMISE FEMME;Chemisier boutonnée sur le devant.;Chemiser à manches longues et  pate DVT et col asymétrique,boutonnée-sur le devant, avec  plis plat sur épaule.-;CHEMISE/CHEMISIER;RETRO-GEO;DAME;DAME RESERVE;;HAUT;SPORT CHIC;PATTE;UNI;VIDE;CHEMISIER;ETAMINE;ESSENTIEL;CHAINE ET TRAME;REGULAR FIT;COLLECTION;4230000729076;XXL;VERT EMERAUDE;54.900;;31.000
HIVER 2021;82216025;TUNIQUE FEMME;Tunique avec pate boutonnés.;Tunique imprimé avec col officier ,devant partiellement boutonné ,-poignets boutonnés.-;CHEMISE/CHEMISIER;RETRO-GEO;DAME;DAME RESERVE;;HAUT;SPORT CHIC;PLIS;FLORAL;VIDE;TUNIQUE;;ESSENTIEL;CHAINE ET TRAME;REGULAR FIT;COLLECTION;4230000728147;M;BLEU/VERT AQUA/BEIGE;69.900;;33.000
HIVER 2021;82217002;COMBINAISON FEM;Combi-pantalon bi-matiére.;Combi-pantalon  finitions en cuir.Coupe légèrement ample, ceinture pour ajuster la taille;COMBINAISON;PRESSED FLOWER;DAME;DAME;;LOOK TOTAL;SPORT;POCHE;UNI;VIDE;COMBIPANTALON;;ESSENTIEL;CHAINE ET TRAME;LARGE;COLLECTION;4230000717790;XXS;NOIR;119.709;;0.000
HIVER 2021;82217002;COMBINAISON FEM;Combi-pantalon bi-matiére.;Combi-pantalon  finitions en cuir.Coupe légèrement ample, ceinture pour ajuster la taille;COMBINAISON;PRESSED FLOWER;DAME;DAME;;LOOK TOTAL;SPORT;POCHE;UNI;VIDE;COMBIPANTALON;;ESSENTIEL;CHAINE ET TRAME;LARGE;COLLECTION;4230000717875;XXS;VERT KAKI;119.709;;0.000
HIVER 2021;82217002;COMBINAISON FEM;Combi-pantalon bi-matiére.;Combi-pantalon  finitions en cuir.Coupe légèrement ample, ceinture pour ajuster la taille;COMBINAISON;PRESSED FLOWER;DAME;DAME;;LOOK TOTAL;SPORT;POCHE;UNI;VIDE;COMBIPANTALON;;ESSENTIEL;CHAINE ET TRAME;LARGE;COLLECTION;4230000717806;XS;NOIR;119.709;;0.000
HIVER 2021;82217002;COMBINAISON FEM;Combi-pantalon bi-matiére.;Combi-pantalon  finitions en cuir.Coupe légèrement ample, ceinture pour ajuster la taille;COMBINAISON;PRESSED FLOWER;DAME;DAME;;LOOK TOTAL;SPORT;POCHE;UNI;VIDE;COMBIPANTALON;;ESSENTIEL;CHAINE ET TRAME;LARGE;COLLECTION;4230000717882;XS;VERT KAKI;119.709;;0.000
HIVER 2021;82217002;COMBINAISON FEM;Combi-pantalon bi-matiére.;Combi-pantalon  finitions en cuir.Coupe légèrement ample, ceinture pour ajuster la taille;COMBINAISON;PRESSED FLOWER;DAME;DAME;;LOOK TOTAL;SPORT;POCHE;UNI;VIDE;COMBIPANTALON;;ESSENTIEL;CHAINE ET TRAME;LARGE;COLLECTION;4230000717813;S;NOIR;119.900;;7.000
HIVER 2021;82217002;COMBINAISON FEM;Combi-pantalon bi-matiére.;Combi-pantalon  finitions en cuir.Coupe légèrement ample, ceinture pour ajuster la taille;COMBINAISON;PRESSED FLOWER;DAME;DAME;;LOOK TOTAL;SPORT;POCHE;UNI;VIDE;COMBIPANTALON;;ESSENTIEL;CHAINE ET TRAME;LARGE;COLLECTION;4230000717899;S;VERT KAKI;119.900;;23.000
HIVER 2021;82217002;COMBINAISON FEM;Combi-pantalon bi-matiére.;Combi-pantalon  finitions en cuir.Coupe légèrement ample, ceinture pour ajuster la taille;COMBINAISON;PRESSED FLOWER;DAME;DAME;;LOOK TOTAL;SPORT;POCHE;UNI;VIDE;COMBIPANTALON;;ESSENTIEL;CHAINE ET TRAME;LARGE;COLLECTION;4230000717820;M;NOIR;119.900;;14.000
HIVER 2021;82217002;COMBINAISON FEM;Combi-pantalon bi-matiére.;Combi-pantalon  finitions en cuir.Coupe légèrement ample, ceinture pour ajuster la taille;COMBINAISON;PRESSED FLOWER;DAME;DAME;;LOOK TOTAL;SPORT;POCHE;UNI;VIDE;COMBIPANTALON;;ESSENTIEL;CHAINE ET TRAME;LARGE;COLLECTION;4230000717905;M;VERT KAKI;119.900;;43.000
HIVER 2021;82217002;COMBINAISON FEM;Combi-pantalon bi-matiére.;Combi-pantalon  finitions en cuir.Coupe légèrement ample, ceinture pour ajuster la taille;COMBINAISON;PRESSED FLOWER;DAME;DAME;;LOOK TOTAL;SPORT;POCHE;UNI;VIDE;COMBIPANTALON;;ESSENTIEL;CHAINE ET TRAME;LARGE;COLLECTION;4230000717837;L;NOIR;119.900;;14.000
HIVER 2021;82217002;COMBINAISON FEM;Combi-pantalon bi-matiére.;Combi-pantalon  finitions en cuir.Coupe légèrement ample, ceinture pour ajuster la taille;COMBINAISON;PRESSED FLOWER;DAME;DAME;;LOOK TOTAL;SPORT;POCHE;UNI;VIDE;COMBIPANTALON;;ESSENTIEL;CHAINE ET TRAME;LARGE;COLLECTION;4230000717912;L;VERT KAKI;119.900;;44.000
HIVER 2021;82217002;COMBINAISON FEM;Combi-pantalon bi-matiére.;Combi-pantalon  finitions en cuir.Coupe légèrement ample, ceinture pour ajuster la taille;COMBINAISON;PRESSED FLOWER;DAME;DAME;;LOOK TOTAL;SPORT;POCHE;UNI;VIDE;COMBIPANTALON;;ESSENTIEL;CHAINE ET TRAME;LARGE;COLLECTION;4230000717844;XL;NOIR;119.900;;15.000
HIVER 2021;82217002;COMBINAISON FEM;Combi-pantalon bi-matiére.;Combi-pantalon  finitions en cuir.Coupe légèrement ample, ceinture pour ajuster la taille;COMBINAISON;PRESSED FLOWER;DAME;DAME;;LOOK TOTAL;SPORT;POCHE;UNI;VIDE;COMBIPANTALON;;ESSENTIEL;CHAINE ET TRAME;LARGE;COLLECTION;4230000717929;XL;VERT KAKI;119.900;;48.000
HIVER 2021;82217002;COMBINAISON FEM;Combi-pantalon bi-matiére.;Combi-pantalon  finitions en cuir.Coupe légèrement ample, ceinture pour ajuster la taille;COMBINAISON;PRESSED FLOWER;DAME;DAME;;LOOK TOTAL;SPORT;POCHE;UNI;VIDE;COMBIPANTALON;;ESSENTIEL;CHAINE ET TRAME;LARGE;COLLECTION;4230000717851;XXL;NOIR;119.900;;14.000
HIVER 2021;82217002;COMBINAISON FEM;Combi-pantalon bi-matiére.;Combi-pantalon  finitions en cuir.Coupe légèrement ample, ceinture pour ajuster la taille;COMBINAISON;PRESSED FLOWER;DAME;DAME;;LOOK TOTAL;SPORT;POCHE;UNI;VIDE;COMBIPANTALON;;ESSENTIEL;CHAINE ET TRAME;LARGE;COLLECTION;4230000717936;XXL;VERT KAKI;119.900;;46.000
HIVER 2021;82217002;COMBINAISON FEM;Combi-pantalon bi-matiére.;Combi-pantalon  finitions en cuir.Coupe légèrement ample, ceinture pour ajuster la taille;COMBINAISON;PRESSED FLOWER;DAME;DAME;;LOOK TOTAL;SPORT;POCHE;UNI;VIDE;COMBIPANTALON;;ESSENTIEL;CHAINE ET TRAME;LARGE;COLLECTION;4230000717868;XXXL;NOIR;61.441;;0.000
HIVER 2021;82217002;COMBINAISON FEM;Combi-pantalon bi-matiére.;Combi-pantalon  finitions en cuir.Coupe légèrement ample, ceinture pour ajuster la taille;COMBINAISON;PRESSED FLOWER;DAME;DAME;;LOOK TOTAL;SPORT;POCHE;UNI;VIDE;COMBIPANTALON;;ESSENTIEL;CHAINE ET TRAME;LARGE;COLLECTION;4230000717943;XXXL;VERT KAKI;61.441;;0.000
HIVER 2021;82219007;PANTALON FEMME;Pantalon carotte à ceinture.;Pantalon taille haute,coupe carotte.Ceinture à boucle en métal ,poche-latérales et fausses poches passepoilées à l'arrière .-;PANTALONS;PRESSED FLOWER;DAME;DAME;;BAS;SPORT;CEINTURE;UNI;CAROTTE;PANTALONS;;ESSENTIEL;CHAINE ET TRAME;REGULAR FIT;COLLECTION;4230000702963;40;NOIR;69.900;;36.000
HIVER 2021;82219007;PANTALON FEMME;Pantalon carotte à ceinture.;Pantalon taille haute,coupe carotte.Ceinture à boucle en métal ,poche-latérales et fausses poches passepoilées à l'arrière .-;PANTALONS;PRESSED FLOWER;DAME;DAME;;BAS;SPORT;CEINTURE;UNI;CAROTTE;PANTALONS;;ESSENTIEL;CHAINE ET TRAME;REGULAR FIT;COLLECTION;4230000702987;44;NOIR;69.900;;28.000
HIVER 2021;82219007;PANTALON FEMME;Pantalon carotte à ceinture.;Pantalon taille haute,coupe carotte.Ceinture à boucle en métal ,poche-latérales et fausses poches passepoilées à l'arrière .-;PANTALONS;PRESSED FLOWER;DAME;DAME;;BAS;SPORT;CEINTURE;UNI;CAROTTE;PANTALONS;;ESSENTIEL;CHAINE ET TRAME;REGULAR FIT;COLLECTION;4230000702994;46;NOIR;69.900;;28.000
HIVER 2021;82219008;LEGGING FEMME;Legging en similicuir à découpe.;Legging taille normale.Fausses poches passepoilées avant. Zip sur le-côté.-;LEGGING;PRESSED FLOWER;DAME;DAME;;BAS;SPORT;POCHE;UNI;SKINNY FIT;LEGGING;SIMILICUIR;ESSENTIEL;CHAINE ET TRAME;SLIM FIT;COLLECTION;4230000717981;40;CAMELLE;64.900;;26.000
HIVER 2021;82219008;LEGGING FEMME;Legging en similicuir à découpe.;Legging taille normale.Fausses poches passepoilées avant. Zip sur le-côté.-;LEGGING;PRESSED FLOWER;DAME;DAME;;BAS;SPORT;POCHE;UNI;SKINNY FIT;LEGGING;SIMILICUIR;ESSENTIEL;CHAINE ET TRAME;SLIM FIT;COLLECTION;4230000717998;42;CAMELLE;64.900;;20.000
HIVER 2021;82219010;LEGGING FEMME;Legging en similicuir .;Legging en cuir avec ceinture élastique--;PANTALONS;NOSTALGIA;DAME;JUNIOR RESERVE;;BAS;SPORT;POCHE;UNI;SUPER SKINNY;LEGGING;SIMILICUIR;ESSENTIEL;CHAINE ET TRAME;SLIM FIT;COLLECTION;4230000734056;44;NOIR;49.900;;14.000
HIVER 2021;83211004;PULL GROSESSE;Pull de grosesse.;Pull de grosesse à col rond,manches raglans avec élastique en bas,-plis creux à l'avant disponible en plusieurs couleurs.-;PULL/SWEAT;FUTURE MAMAN;DAME;FUTUR MAMAN;;HAUT;SPORT;PLIS;UNI;VIDE;PULL;LUNO;ESSENTIEL;MAILLE;OVER-SIEZE;MUM;4230000728857;XXS;ROSE;34.900;;0.000
HIVER 2021;83211004;PULL GROSESSE;Pull de grosesse.;Pull de grosesse à col rond,manches raglans avec élastique en bas,-plis creux à l'avant disponible en plusieurs couleurs.-;PULL/SWEAT;FUTURE MAMAN;DAME;FUTUR MAMAN;;HAUT;SPORT;PLIS;UNI;VIDE;PULL;LUNO;ESSENTIEL;MAILLE;OVER-SIEZE;MUM;4230000728772;XXS;NOIR;34.900;;0.000
HIVER 2021;83211004;PULL GROSESSE;Pull de grosesse.;Pull de grosesse à col rond,manches raglans avec élastique en bas,-plis creux à l'avant disponible en plusieurs couleurs.-;PULL/SWEAT;FUTURE MAMAN;DAME;FUTUR MAMAN;;HAUT;SPORT;PLIS;UNI;VIDE;PULL;LUNO;ESSENTIEL;MAILLE;OVER-SIEZE;MUM;4230000728697;XXS;BEIGE;34.900;;0.000
HIVER 2021;83211004;PULL GROSESSE;Pull de grosesse.;Pull de grosesse à col rond,manches raglans avec élastique en bas,-plis creux à l'avant disponible en plusieurs couleurs.-;PULL/SWEAT;FUTURE MAMAN;DAME;FUTUR MAMAN;;HAUT;SPORT;PLIS;UNI;VIDE;PULL;LUNO;ESSENTIEL;MAILLE;OVER-SIEZE;MUM;4230000728864;XS;ROSE;34.900;;0.000
HIVER 2021;83211004;PULL GROSESSE;Pull de grosesse.;Pull de grosesse à col rond,manches raglans avec élastique en bas,-plis creux à l'avant disponible en plusieurs couleurs.-;PULL/SWEAT;FUTURE MAMAN;DAME;FUTUR MAMAN;;HAUT;SPORT;PLIS;UNI;VIDE;PULL;LUNO;ESSENTIEL;MAILLE;OVER-SIEZE;MUM;4230000728789;XS;NOIR;34.900;;0.000
HIVER 2021;83211004;PULL GROSESSE;Pull de grosesse.;Pull de grosesse à col rond,manches raglans avec élastique en bas,-plis creux à l'avant disponible en plusieurs couleurs.-;PULL/SWEAT;FUTURE MAMAN;DAME;FUTUR MAMAN;;HAUT;SPORT;PLIS;UNI;VIDE;PULL;LUNO;ESSENTIEL;MAILLE;OVER-SIEZE;MUM;4230000728703;XS;BEIGE;34.900;;0.000
HIVER 2021;83211004;PULL GROSESSE;Pull de grosesse.;Pull de grosesse à col rond,manches raglans avec élastique en bas,-plis creux à l'avant disponible en plusieurs couleurs.-;PULL/SWEAT;FUTURE MAMAN;DAME;FUTUR MAMAN;;HAUT;SPORT;PLIS;UNI;VIDE;PULL;LUNO;ESSENTIEL;MAILLE;OVER-SIEZE;MUM;4230000728871;S;ROSE;34.900;;27.000
HIVER 2021;83211004;PULL GROSESSE;Pull de grosesse.;Pull de grosesse à col rond,manches raglans avec élastique en bas,-plis creux à l'avant disponible en plusieurs couleurs.-;PULL/SWEAT;FUTURE MAMAN;DAME;FUTUR MAMAN;;HAUT;SPORT;PLIS;UNI;VIDE;PULL;LUNO;ESSENTIEL;MAILLE;OVER-SIEZE;MUM;4230000728796;S;NOIR;34.900;;27.000
HIVER 2021;83211004;PULL GROSESSE;Pull de grosesse.;Pull de grosesse à col rond,manches raglans avec élastique en bas,-plis creux à l'avant disponible en plusieurs couleurs.-;PULL/SWEAT;FUTURE MAMAN;DAME;FUTUR MAMAN;;HAUT;SPORT;PLIS;UNI;VIDE;PULL;LUNO;ESSENTIEL;MAILLE;OVER-SIEZE;MUM;4230000728710;S;BEIGE;34.900;;26.000
HIVER 2021;83211004;PULL GROSESSE;Pull de grosesse.;Pull de grosesse à col rond,manches raglans avec élastique en bas,-plis creux à l'avant disponible en plusieurs couleurs.-;PULL/SWEAT;FUTURE MAMAN;DAME;FUTUR MAMAN;;HAUT;SPORT;PLIS;UNI;VIDE;PULL;LUNO;ESSENTIEL;MAILLE;OVER-SIEZE;MUM;4230000728888;M;ROSE;34.900;;28.000
HIVER 2021;83211004;PULL GROSESSE;Pull de grosesse.;Pull de grosesse à col rond,manches raglans avec élastique en bas,-plis creux à l'avant disponible en plusieurs couleurs.-;PULL/SWEAT;FUTURE MAMAN;DAME;FUTUR MAMAN;;HAUT;SPORT;PLIS;UNI;VIDE;PULL;LUNO;ESSENTIEL;MAILLE;OVER-SIEZE;MUM;4230000728802;M;NOIR;34.900;;25.000
HIVER 2021;83211004;PULL GROSESSE;Pull de grosesse.;Pull de grosesse à col rond,manches raglans avec élastique en bas,-plis creux à l'avant disponible en plusieurs couleurs.-;PULL/SWEAT;FUTURE MAMAN;DAME;FUTUR MAMAN;;HAUT;SPORT;PLIS;UNI;VIDE;PULL;LUNO;ESSENTIEL;MAILLE;OVER-SIEZE;MUM;4230000728727;M;BEIGE;34.900;;26.000
HIVER 2021;83211004;PULL GROSESSE;Pull de grosesse.;Pull de grosesse à col rond,manches raglans avec élastique en bas,-plis creux à l'avant disponible en plusieurs couleurs.-;PULL/SWEAT;FUTURE MAMAN;DAME;FUTUR MAMAN;;HAUT;SPORT;PLIS;UNI;VIDE;PULL;LUNO;ESSENTIEL;MAILLE;OVER-SIEZE;MUM;4230000728895;L;ROSE;34.900;;25.000
HIVER 2021;83211004;PULL GROSESSE;Pull de grosesse.;Pull de grosesse à col rond,manches raglans avec élastique en bas,-plis creux à l'avant disponible en plusieurs couleurs.-;PULL/SWEAT;FUTURE MAMAN;DAME;FUTUR MAMAN;;HAUT;SPORT;PLIS;UNI;VIDE;PULL;LUNO;ESSENTIEL;MAILLE;OVER-SIEZE;MUM;4230000728819;L;NOIR;34.900;;27.000
HIVER 2021;83211004;PULL GROSESSE;Pull de grosesse.;Pull de grosesse à col rond,manches raglans avec élastique en bas,-plis creux à l'avant disponible en plusieurs couleurs.-;PULL/SWEAT;FUTURE MAMAN;DAME;FUTUR MAMAN;;HAUT;SPORT;PLIS;UNI;VIDE;PULL;LUNO;ESSENTIEL;MAILLE;OVER-SIEZE;MUM;4230000728734;L;BEIGE;34.900;;27.000
HIVER 2021;83211004;PULL GROSESSE;Pull de grosesse.;Pull de grosesse à col rond,manches raglans avec élastique en bas,-plis creux à l'avant disponible en plusieurs couleurs.-;PULL/SWEAT;FUTURE MAMAN;DAME;FUTUR MAMAN;;HAUT;SPORT;PLIS;UNI;VIDE;PULL;LUNO;ESSENTIEL;MAILLE;OVER-SIEZE;MUM;4230000728901;XL;ROSE;34.900;;12.000
HIVER 2021;83211004;PULL GROSESSE;Pull de grosesse.;Pull de grosesse à col rond,manches raglans avec élastique en bas,-plis creux à l'avant disponible en plusieurs couleurs.-;PULL/SWEAT;FUTURE MAMAN;DAME;FUTUR MAMAN;;HAUT;SPORT;PLIS;UNI;VIDE;PULL;LUNO;ESSENTIEL;MAILLE;OVER-SIEZE;MUM;4230000728826;XL;NOIR;34.900;;14.000
HIVER 2021;83211004;PULL GROSESSE;Pull de grosesse.;Pull de grosesse à col rond,manches raglans avec élastique en bas,-plis creux à l'avant disponible en plusieurs couleurs.-;PULL/SWEAT;FUTURE MAMAN;DAME;FUTUR MAMAN;;HAUT;SPORT;PLIS;UNI;VIDE;PULL;LUNO;ESSENTIEL;MAILLE;OVER-SIEZE;MUM;4230000728741;XL;BEIGE;34.900;;12.000
HIVER 2021;83211004;PULL GROSESSE;Pull de grosesse.;Pull de grosesse à col rond,manches raglans avec élastique en bas,-plis creux à l'avant disponible en plusieurs couleurs.-;PULL/SWEAT;FUTURE MAMAN;DAME;FUTUR MAMAN;;HAUT;SPORT;PLIS;UNI;VIDE;PULL;LUNO;ESSENTIEL;MAILLE;OVER-SIEZE;MUM;4230000728918;XXL;ROSE;34.900;;0.000
HIVER 2021;83211004;PULL GROSESSE;Pull de grosesse.;Pull de grosesse à col rond,manches raglans avec élastique en bas,-plis creux à l'avant disponible en plusieurs couleurs.-;PULL/SWEAT;FUTURE MAMAN;DAME;FUTUR MAMAN;;HAUT;SPORT;PLIS;UNI;VIDE;PULL;LUNO;ESSENTIEL;MAILLE;OVER-SIEZE;MUM;4230000728833;XXL;NOIR;34.900;;0.000
HIVER 2021;83211004;PULL GROSESSE;Pull de grosesse.;Pull de grosesse à col rond,manches raglans avec élastique en bas,-plis creux à l'avant disponible en plusieurs couleurs.-;PULL/SWEAT;FUTURE MAMAN;DAME;FUTUR MAMAN;;HAUT;SPORT;PLIS;UNI;VIDE;PULL;LUNO;ESSENTIEL;MAILLE;OVER-SIEZE;MUM;4230000728758;XXL;BEIGE;34.900;;0.000
HIVER 2021;83211004;PULL GROSESSE;Pull de grosesse.;Pull de grosesse à col rond,manches raglans avec élastique en bas,-plis creux à l'avant disponible en plusieurs couleurs.-;PULL/SWEAT;FUTURE MAMAN;DAME;FUTUR MAMAN;;HAUT;SPORT;PLIS;UNI;VIDE;PULL;LUNO;ESSENTIEL;MAILLE;OVER-SIEZE;MUM;4230000728925;XXXL;ROSE;34.900;;0.000
HIVER 2021;83211004;PULL GROSESSE;Pull de grosesse.;Pull de grosesse à col rond,manches raglans avec élastique en bas,-plis creux à l'avant disponible en plusieurs couleurs.-;PULL/SWEAT;FUTURE MAMAN;DAME;FUTUR MAMAN;;HAUT;SPORT;PLIS;UNI;VIDE;PULL;LUNO;ESSENTIEL;MAILLE;OVER-SIEZE;MUM;4230000728840;XXXL;NOIR;34.900;;0.000
HIVER 2021;83211004;PULL GROSESSE;Pull de grosesse.;Pull de grosesse à col rond,manches raglans avec élastique en bas,-plis creux à l'avant disponible en plusieurs couleurs.-;PULL/SWEAT;FUTURE MAMAN;DAME;FUTUR MAMAN;;HAUT;SPORT;PLIS;UNI;VIDE;PULL;LUNO;ESSENTIEL;MAILLE;OVER-SIEZE;MUM;4230000728765;XXXL;BEIGE;34.900;;0.000
HIVER 2021;83211901;PULL GROSESSE;Pull de grosesse en laine jacquard.;Pull en laine à col rond jacquard manches longues raglantes,-élastique sur les côtés et ceinture à la taille.-;PULL/SWEAT;FUTURE MAMAN;DAME;FUTUR MAMAN;;HAUT;SPORT;JACQUARD;JACQUARD;VIDE;PULL;;ESSENTIEL;LAINE;REGULAR FIT;MUM;4230000745199;XXS;GRIS CHINE;64.900;;0.000
HIVER 2021;83211901;PULL GROSESSE;Pull de grosesse en laine jacquard.;Pull en laine à col rond jacquard manches longues raglantes,-élastique sur les côtés et ceinture à la taille.-;PULL/SWEAT;FUTURE MAMAN;DAME;FUTUR MAMAN;;HAUT;SPORT;JACQUARD;JACQUARD;VIDE;PULL;;ESSENTIEL;LAINE;REGULAR FIT;MUM;4230000745205;XS;GRIS CHINE;64.900;;0.000
HIVER 2021;83211901;PULL GROSESSE;Pull de grosesse en laine jacquard.;Pull en laine à col rond jacquard manches longues raglantes,-élastique sur les côtés et ceinture à la taille.-;PULL/SWEAT;FUTURE MAMAN;DAME;FUTUR MAMAN;;HAUT;SPORT;JACQUARD;JACQUARD;VIDE;PULL;;ESSENTIEL;LAINE;REGULAR FIT;MUM;4230000745212;S;GRIS CHINE;64.900;;0.000
HIVER 2021;83211901;PULL GROSESSE;Pull de grosesse en laine jacquard.;Pull en laine à col rond jacquard manches longues raglantes,-élastique sur les côtés et ceinture à la taille.-;PULL/SWEAT;FUTURE MAMAN;DAME;FUTUR MAMAN;;HAUT;SPORT;JACQUARD;JACQUARD;VIDE;PULL;;ESSENTIEL;LAINE;REGULAR FIT;MUM;4230000745229;M;GRIS CHINE;64.900;;0.000
HIVER 2021;83211901;PULL GROSESSE;Pull de grosesse en laine jacquard.;Pull en laine à col rond jacquard manches longues raglantes,-élastique sur les côtés et ceinture à la taille.-;PULL/SWEAT;FUTURE MAMAN;DAME;FUTUR MAMAN;;HAUT;SPORT;JACQUARD;JACQUARD;VIDE;PULL;;ESSENTIEL;LAINE;REGULAR FIT;MUM;4230000745236;L;GRIS CHINE;64.900;;0.000
HIVER 2021;83211901;PULL GROSESSE;Pull de grosesse en laine jacquard.;Pull en laine à col rond jacquard manches longues raglantes,-élastique sur les côtés et ceinture à la taille.-;PULL/SWEAT;FUTURE MAMAN;DAME;FUTUR MAMAN;;HAUT;SPORT;JACQUARD;JACQUARD;VIDE;PULL;;ESSENTIEL;LAINE;REGULAR FIT;MUM;4230000745243;XL;GRIS CHINE;64.900;;0.000
HIVER 2021;83211901;PULL GROSESSE;Pull de grosesse en laine jacquard.;Pull en laine à col rond jacquard manches longues raglantes,-élastique sur les côtés et ceinture à la taille.-;PULL/SWEAT;FUTURE MAMAN;DAME;FUTUR MAMAN;;HAUT;SPORT;JACQUARD;JACQUARD;VIDE;PULL;;ESSENTIEL;LAINE;REGULAR FIT;MUM;4230000745250;XXL;GRIS CHINE;64.900;;0.000
HIVER 2021;83211901;PULL GROSESSE;Pull de grosesse en laine jacquard.;Pull en laine à col rond jacquard manches longues raglantes,-élastique sur les côtés et ceinture à la taille.-;PULL/SWEAT;FUTURE MAMAN;DAME;FUTUR MAMAN;;HAUT;SPORT;JACQUARD;JACQUARD;VIDE;PULL;;ESSENTIEL;LAINE;REGULAR FIT;MUM;4230000745267;XXXL;GRIS CHINE;64.900;;0.000
HIVER 2021;83213001;CAPE FEMME;Cape imprimée à carreaux.;Cape oversize à carreaux avec capuche ,deux poches passepoiles à-l'avant et fermés par bouton.-;VESTE;FUTURE MAMAN;DAME;FUTUR MAMAN;;OUTWEAR;SPORT;CAPPUCHE;UNI;VIDE;CAP;FLANEL;ESSENTIEL;CHAINE ET TRAME;OVER-SIEZE;MUM;4230000719053;XXS;NOIR/BEIGE/OFF WHITE;100.960;;0.000
HIVER 2021;83213001;CAPE FEMME;Cape imprimée à carreaux.;Cape oversize à carreaux avec capuche ,deux poches passepoiles à-l'avant et fermés par bouton.-;VESTE;FUTURE MAMAN;DAME;FUTUR MAMAN;;OUTWEAR;SPORT;CAPPUCHE;UNI;VIDE;CAP;FLANEL;ESSENTIEL;CHAINE ET TRAME;OVER-SIEZE;MUM;4230000719060;XS;NOIR/BEIGE/OFF WHITE;100.960;;0.000
HIVER 2021;83213001;CAPE FEMME;Cape imprimée à carreaux.;Cape oversize à carreaux avec capuche ,deux poches passepoiles à-l'avant et fermés par bouton.-;VESTE;FUTURE MAMAN;DAME;FUTUR MAMAN;;OUTWEAR;SPORT;CAPPUCHE;UNI;VIDE;CAP;FLANEL;ESSENTIEL;CHAINE ET TRAME;OVER-SIEZE;MUM;4230000719077;S;NOIR/BEIGE/OFF WHITE;79.900;;36.000
HIVER 2021;83213001;CAPE FEMME;Cape imprimée à carreaux.;Cape oversize à carreaux avec capuche ,deux poches passepoiles à-l'avant et fermés par bouton.-;VESTE;FUTURE MAMAN;DAME;FUTUR MAMAN;;OUTWEAR;SPORT;CAPPUCHE;UNI;VIDE;CAP;FLANEL;ESSENTIEL;CHAINE ET TRAME;OVER-SIEZE;MUM;4230000719084;M;NOIR/BEIGE/OFF WHITE;79.900;;36.000
HIVER 2021;83213001;CAPE FEMME;Cape imprimée à carreaux.;Cape oversize à carreaux avec capuche ,deux poches passepoiles à-l'avant et fermés par bouton.-;VESTE;FUTURE MAMAN;DAME;FUTUR MAMAN;;OUTWEAR;SPORT;CAPPUCHE;UNI;VIDE;CAP;FLANEL;ESSENTIEL;CHAINE ET TRAME;OVER-SIEZE;MUM;4230000719091;L;NOIR/BEIGE/OFF WHITE;79.900;;40.000
HIVER 2021;83213001;CAPE FEMME;Cape imprimée à carreaux.;Cape oversize à carreaux avec capuche ,deux poches passepoiles à-l'avant et fermés par bouton.-;VESTE;FUTURE MAMAN;DAME;FUTUR MAMAN;;OUTWEAR;SPORT;CAPPUCHE;UNI;VIDE;CAP;FLANEL;ESSENTIEL;CHAINE ET TRAME;OVER-SIEZE;MUM;4230000719107;XL;NOIR/BEIGE/OFF WHITE;100.960;;0.000
HIVER 2021;83213001;CAPE FEMME;Cape imprimée à carreaux.;Cape oversize à carreaux avec capuche ,deux poches passepoiles à-l'avant et fermés par bouton.-;VESTE;FUTURE MAMAN;DAME;FUTUR MAMAN;;OUTWEAR;SPORT;CAPPUCHE;UNI;VIDE;CAP;FLANEL;ESSENTIEL;CHAINE ET TRAME;OVER-SIEZE;MUM;4230000719114;XXL;NOIR/BEIGE/OFF WHITE;100.671;;0.000
HIVER 2021;83213001;CAPE FEMME;Cape imprimée à carreaux.;Cape oversize à carreaux avec capuche ,deux poches passepoiles à-l'avant et fermés par bouton.-;VESTE;FUTURE MAMAN;DAME;FUTUR MAMAN;;OUTWEAR;SPORT;CAPPUCHE;UNI;VIDE;CAP;FLANEL;ESSENTIEL;CHAINE ET TRAME;OVER-SIEZE;MUM;4230000719121;XXXL;NOIR/BEIGE/OFF WHITE;100.960;;0.000
HIVER 2021;83213901;GILET GROSESSE;Gilet en laine avec ceinture.;Gilet mi-long en laine à des manches kimono 3/4,col avec revers,et-serré à la taille avec ceinture.-;CARDIGANS;FUTURE MAMAN;DAME;FUTUR MAMAN;;HAUT;SPORT;REVERT;UNI;VIDE;GILET;ACRYLIQUE;ESSENTIEL;LAINE;REGULAR FIT;MUM;4230000724118;XXS;BLEU MARINE;69.900;;0.000
HIVER 2021;83213901;GILET GROSESSE;Gilet en laine avec ceinture.;Gilet mi-long en laine à des manches kimono 3/4,col avec revers,et-serré à la taille avec ceinture.-;CARDIGANS;FUTURE MAMAN;DAME;FUTUR MAMAN;;HAUT;SPORT;REVERT;UNI;VIDE;GILET;ACRYLIQUE;ESSENTIEL;LAINE;REGULAR FIT;MUM;4230000724194;XXS;GRIS;69.900;;0.000
HIVER 2021;83213901;GILET GROSESSE;Gilet en laine avec ceinture.;Gilet mi-long en laine à des manches kimono 3/4,col avec revers,et-serré à la taille avec ceinture.-;CARDIGANS;FUTURE MAMAN;DAME;FUTUR MAMAN;;HAUT;SPORT;REVERT;UNI;VIDE;GILET;ACRYLIQUE;ESSENTIEL;LAINE;REGULAR FIT;MUM;4230000724125;XS;BLEU MARINE;69.900;;0.000
HIVER 2021;83213901;GILET GROSESSE;Gilet en laine avec ceinture.;Gilet mi-long en laine à des manches kimono 3/4,col avec revers,et-serré à la taille avec ceinture.-;CARDIGANS;FUTURE MAMAN;DAME;FUTUR MAMAN;;HAUT;SPORT;REVERT;UNI;VIDE;GILET;ACRYLIQUE;ESSENTIEL;LAINE;REGULAR FIT;MUM;4230000724200;XS;GRIS;69.900;;0.000
HIVER 2021;83213901;GILET GROSESSE;Gilet en laine avec ceinture.;Gilet mi-long en laine à des manches kimono 3/4,col avec revers,et-serré à la taille avec ceinture.-;CARDIGANS;FUTURE MAMAN;DAME;FUTUR MAMAN;;HAUT;SPORT;REVERT;UNI;VIDE;GILET;ACRYLIQUE;ESSENTIEL;LAINE;REGULAR FIT;MUM;4230000724132;S;BLEU MARINE;69.900;;0.000
HIVER 2021;83213901;GILET GROSESSE;Gilet en laine avec ceinture.;Gilet mi-long en laine à des manches kimono 3/4,col avec revers,et-serré à la taille avec ceinture.-;CARDIGANS;FUTURE MAMAN;DAME;FUTUR MAMAN;;HAUT;SPORT;REVERT;UNI;VIDE;GILET;ACRYLIQUE;ESSENTIEL;LAINE;REGULAR FIT;MUM;4230000724217;S;GRIS;69.900;;0.000
HIVER 2021;83213901;GILET GROSESSE;Gilet en laine avec ceinture.;Gilet mi-long en laine à des manches kimono 3/4,col avec revers,et-serré à la taille avec ceinture.-;CARDIGANS;FUTURE MAMAN;DAME;FUTUR MAMAN;;HAUT;SPORT;REVERT;UNI;VIDE;GILET;ACRYLIQUE;ESSENTIEL;LAINE;REGULAR FIT;MUM;4230000724149;M;BLEU MARINE;69.900;;0.000
HIVER 2021;83213901;GILET GROSESSE;Gilet en laine avec ceinture.;Gilet mi-long en laine à des manches kimono 3/4,col avec revers,et-serré à la taille avec ceinture.-;CARDIGANS;FUTURE MAMAN;DAME;FUTUR MAMAN;;HAUT;SPORT;REVERT;UNI;VIDE;GILET;ACRYLIQUE;ESSENTIEL;LAINE;REGULAR FIT;MUM;4230000724224;M;GRIS;69.900;;0.000
HIVER 2021;83213901;GILET GROSESSE;Gilet en laine avec ceinture.;Gilet mi-long en laine à des manches kimono 3/4,col avec revers,et-serré à la taille avec ceinture.-;CARDIGANS;FUTURE MAMAN;DAME;FUTUR MAMAN;;HAUT;SPORT;REVERT;UNI;VIDE;GILET;ACRYLIQUE;ESSENTIEL;LAINE;REGULAR FIT;MUM;4230000724156;L;BLEU MARINE;69.900;;0.000
HIVER 2021;83213901;GILET GROSESSE;Gilet en laine avec ceinture.;Gilet mi-long en laine à des manches kimono 3/4,col avec revers,et-serré à la taille avec ceinture.-;CARDIGANS;FUTURE MAMAN;DAME;FUTUR MAMAN;;HAUT;SPORT;REVERT;UNI;VIDE;GILET;ACRYLIQUE;ESSENTIEL;LAINE;REGULAR FIT;MUM;4230000724231;L;GRIS;69.900;;0.000
HIVER 2021;83213901;GILET GROSESSE;Gilet en laine avec ceinture.;Gilet mi-long en laine à des manches kimono 3/4,col avec revers,et-serré à la taille avec ceinture.-;CARDIGANS;FUTURE MAMAN;DAME;FUTUR MAMAN;;HAUT;SPORT;REVERT;UNI;VIDE;GILET;ACRYLIQUE;ESSENTIEL;LAINE;REGULAR FIT;MUM;4230000724163;XL;BLEU MARINE;69.900;;0.000
HIVER 2021;83213901;GILET GROSESSE;Gilet en laine avec ceinture.;Gilet mi-long en laine à des manches kimono 3/4,col avec revers,et-serré à la taille avec ceinture.-;CARDIGANS;FUTURE MAMAN;DAME;FUTUR MAMAN;;HAUT;SPORT;REVERT;UNI;VIDE;GILET;ACRYLIQUE;ESSENTIEL;LAINE;REGULAR FIT;MUM;4230000724248;XL;GRIS;69.900;;0.000
HIVER 2021;83213901;GILET GROSESSE;Gilet en laine avec ceinture.;Gilet mi-long en laine à des manches kimono 3/4,col avec revers,et-serré à la taille avec ceinture.-;CARDIGANS;FUTURE MAMAN;DAME;FUTUR MAMAN;;HAUT;SPORT;REVERT;UNI;VIDE;GILET;ACRYLIQUE;ESSENTIEL;LAINE;REGULAR FIT;MUM;4230000724170;XXL;BLEU MARINE;69.900;;0.000
HIVER 2021;83213901;GILET GROSESSE;Gilet en laine avec ceinture.;Gilet mi-long en laine à des manches kimono 3/4,col avec revers,et-serré à la taille avec ceinture.-;CARDIGANS;FUTURE MAMAN;DAME;FUTUR MAMAN;;HAUT;SPORT;REVERT;UNI;VIDE;GILET;ACRYLIQUE;ESSENTIEL;LAINE;REGULAR FIT;MUM;4230000724255;XXL;GRIS;69.900;;0.000
HIVER 2021;83213901;GILET GROSESSE;Gilet en laine avec ceinture.;Gilet mi-long en laine à des manches kimono 3/4,col avec revers,et-serré à la taille avec ceinture.-;CARDIGANS;FUTURE MAMAN;DAME;FUTUR MAMAN;;HAUT;SPORT;REVERT;UNI;VIDE;GILET;ACRYLIQUE;ESSENTIEL;LAINE;REGULAR FIT;MUM;4230000724187;XXXL;BLEU MARINE;69.900;;0.000
HIVER 2021;83213901;GILET GROSESSE;Gilet en laine avec ceinture.;Gilet mi-long en laine à des manches kimono 3/4,col avec revers,et-serré à la taille avec ceinture.-;CARDIGANS;FUTURE MAMAN;DAME;FUTUR MAMAN;;HAUT;SPORT;REVERT;UNI;VIDE;GILET;ACRYLIQUE;ESSENTIEL;LAINE;REGULAR FIT;MUM;4230000724262;XXXL;GRIS;69.900;;0.000
HIVER 2021;83214003;ROBE GROSSESSE;Robe de grosesse fleurie.;Robe fleurie courte à manches longues ,légèrement bouffantes-et à encolure col coeur.-;ROBE;FUTURE MAMAN;DAME;FUTUR MAMAN;;LOOK TOTAL;SPORT;COL;FLORAL;VIDE;ROBE;;ESSENTIEL;MAILLE;MINI;MUM;4230000709375;XXS;NOIR/BLEU C/ORANGE/BLANC;69.900;;0.000
HIVER 2021;83214003;ROBE GROSSESSE;Robe de grosesse fleurie.;Robe fleurie courte à manches longues ,légèrement bouffantes-et à encolure col coeur.-;ROBE;FUTURE MAMAN;DAME;FUTUR MAMAN;;LOOK TOTAL;SPORT;COL;FLORAL;VIDE;ROBE;;ESSENTIEL;MAILLE;MINI;MUM;4230000709382;XS;NOIR/BLEU C/ORANGE/BLANC;69.900;;0.000
HIVER 2021;83214003;ROBE GROSSESSE;Robe de grosesse fleurie.;Robe fleurie courte à manches longues ,légèrement bouffantes-et à encolure col coeur.-;ROBE;FUTURE MAMAN;DAME;FUTUR MAMAN;;LOOK TOTAL;SPORT;COL;FLORAL;VIDE;ROBE;;ESSENTIEL;MAILLE;MINI;MUM;4230000709399;S;NOIR/BLEU C/ORANGE/BLANC;69.900;;19.000
HIVER 2021;83214003;ROBE GROSSESSE;Robe de grosesse fleurie.;Robe fleurie courte à manches longues ,légèrement bouffantes-et à encolure col coeur.-;ROBE;FUTURE MAMAN;DAME;FUTUR MAMAN;;LOOK TOTAL;SPORT;COL;FLORAL;VIDE;ROBE;;ESSENTIEL;MAILLE;MINI;MUM;4230000709405;M;NOIR/BLEU C/ORANGE/BLANC;69.900;;39.000
HIVER 2021;83214003;ROBE GROSSESSE;Robe de grosesse fleurie.;Robe fleurie courte à manches longues ,légèrement bouffantes-et à encolure col coeur.-;ROBE;FUTURE MAMAN;DAME;FUTUR MAMAN;;LOOK TOTAL;SPORT;COL;FLORAL;VIDE;ROBE;;ESSENTIEL;MAILLE;MINI;MUM;4230000709412;L;NOIR/BLEU C/ORANGE/BLANC;69.900;;39.000
HIVER 2021;83214003;ROBE GROSSESSE;Robe de grosesse fleurie.;Robe fleurie courte à manches longues ,légèrement bouffantes-et à encolure col coeur.-;ROBE;FUTURE MAMAN;DAME;FUTUR MAMAN;;LOOK TOTAL;SPORT;COL;FLORAL;VIDE;ROBE;;ESSENTIEL;MAILLE;MINI;MUM;4230000709429;XL;NOIR/BLEU C/ORANGE/BLANC;69.900;;40.000
HIVER 2021;83214003;ROBE GROSSESSE;Robe de grosesse fleurie.;Robe fleurie courte à manches longues ,légèrement bouffantes-et à encolure col coeur.-;ROBE;FUTURE MAMAN;DAME;FUTUR MAMAN;;LOOK TOTAL;SPORT;COL;FLORAL;VIDE;ROBE;;ESSENTIEL;MAILLE;MINI;MUM;4230000709436;XXL;NOIR/BLEU C/ORANGE/BLANC;69.900;;40.000
HIVER 2021;83214003;ROBE GROSSESSE;Robe de grosesse fleurie.;Robe fleurie courte à manches longues ,légèrement bouffantes-et à encolure col coeur.-;ROBE;FUTURE MAMAN;DAME;FUTUR MAMAN;;LOOK TOTAL;SPORT;COL;FLORAL;VIDE;ROBE;;ESSENTIEL;MAILLE;MINI;MUM;4230000709443;XXXL;NOIR/BLEU C/ORANGE/BLANC;69.900;;0.000
HIVER 2021;83215001;BLOUSE GROSESS;Blouse imprimée à carreaux.;Blouse à carreaux à col rond monté,patte caché avec volant et manch-longues,légèrement bouffantes.-;CHEMISE/CHEMISIER;FUTURE MAMAN;DAME;FUTUR MAMAN;;HAUT;SPORT;VOLANT;CARREAU;VIDE;BLOUSE/CHEMISIER;;ESSENTIEL;CHAINE ET TRAME;OVER-SIEZE;MUM;4230000709450;XXS;GREIGE/BLEUAQUA/BLEU;84.900;;0.000
HIVER 2021;83215001;BLOUSE GROSESS;Blouse imprimée à carreaux.;Blouse à carreaux à col rond monté,patte caché avec volant et manch-longues,légèrement bouffantes.-;CHEMISE/CHEMISIER;FUTURE MAMAN;DAME;FUTUR MAMAN;;HAUT;SPORT;VOLANT;CARREAU;VIDE;BLOUSE/CHEMISIER;;ESSENTIEL;CHAINE ET TRAME;OVER-SIEZE;MUM;4230000709467;XS;GREIGE/BLEUAQUA/BLEU;84.900;;0.000
HIVER 2021;83215001;BLOUSE GROSESS;Blouse imprimée à carreaux.;Blouse à carreaux à col rond monté,patte caché avec volant et manch-longues,légèrement bouffantes.-;CHEMISE/CHEMISIER;FUTURE MAMAN;DAME;FUTUR MAMAN;;HAUT;SPORT;VOLANT;CARREAU;VIDE;BLOUSE/CHEMISIER;;ESSENTIEL;CHAINE ET TRAME;OVER-SIEZE;MUM;4230000709474;S;GREIGE/BLEUAQUA/BLEU;84.900;;10.000
HIVER 2021;83215001;BLOUSE GROSESS;Blouse imprimée à carreaux.;Blouse à carreaux à col rond monté,patte caché avec volant et manch-longues,légèrement bouffantes.-;CHEMISE/CHEMISIER;FUTURE MAMAN;DAME;FUTUR MAMAN;;HAUT;SPORT;VOLANT;CARREAU;VIDE;BLOUSE/CHEMISIER;;ESSENTIEL;CHAINE ET TRAME;OVER-SIEZE;MUM;4230000709481;M;GREIGE/BLEUAQUA/BLEU;84.900;;19.000
HIVER 2021;83215001;BLOUSE GROSESS;Blouse imprimée à carreaux.;Blouse à carreaux à col rond monté,patte caché avec volant et manch-longues,légèrement bouffantes.-;CHEMISE/CHEMISIER;FUTURE MAMAN;DAME;FUTUR MAMAN;;HAUT;SPORT;VOLANT;CARREAU;VIDE;BLOUSE/CHEMISIER;;ESSENTIEL;CHAINE ET TRAME;OVER-SIEZE;MUM;4230000709498;L;GREIGE/BLEUAQUA/BLEU;84.900;;19.000
HIVER 2021;83215001;BLOUSE GROSESS;Blouse imprimée à carreaux.;Blouse à carreaux à col rond monté,patte caché avec volant et manch-longues,légèrement bouffantes.-;CHEMISE/CHEMISIER;FUTURE MAMAN;DAME;FUTUR MAMAN;;HAUT;SPORT;VOLANT;CARREAU;VIDE;BLOUSE/CHEMISIER;;ESSENTIEL;CHAINE ET TRAME;OVER-SIEZE;MUM;4230000709504;XL;GREIGE/BLEUAQUA/BLEU;84.900;;20.000
HIVER 2021;83215001;BLOUSE GROSESS;Blouse imprimée à carreaux.;Blouse à carreaux à col rond monté,patte caché avec volant et manch-longues,légèrement bouffantes.-;CHEMISE/CHEMISIER;FUTURE MAMAN;DAME;FUTUR MAMAN;;HAUT;SPORT;VOLANT;CARREAU;VIDE;BLOUSE/CHEMISIER;;ESSENTIEL;CHAINE ET TRAME;OVER-SIEZE;MUM;4230000709511;XXL;GREIGE/BLEUAQUA/BLEU;84.900;;19.000
HIVER 2021;83215001;BLOUSE GROSESS;Blouse imprimée à carreaux.;Blouse à carreaux à col rond monté,patte caché avec volant et manch-longues,légèrement bouffantes.-;CHEMISE/CHEMISIER;FUTURE MAMAN;DAME;FUTUR MAMAN;;HAUT;SPORT;VOLANT;CARREAU;VIDE;BLOUSE/CHEMISIER;;ESSENTIEL;CHAINE ET TRAME;OVER-SIEZE;MUM;4230000709528;XXXL;GREIGE/BLEUAQUA/BLEU;84.900;;0.000
HIVER 2021;83215002;BLOUSE GROSESSE;Blouse de grosesse.;Blouse évasée à col chemise ,manches longues,légèrement tombantes-et deux boutons à l'avant ,disponibles en deux couleurs.-;CHEMISE/CHEMISIER;FUTURE MAMAN;DAME;FUTUR MAMAN;;HAUT;SPORT;LACET;UNI;VIDE;BLOUSE/CHEMISIER;ETAMINE;ESSENTIEL;CHAINE ET TRAME;OVER-SIEZE;MUM;4230000709535;XXS;CAMELLE;54.900;;0.000
HIVER 2021;83215002;BLOUSE GROSESSE;Blouse de grosesse.;Blouse évasée à col chemise ,manches longues,légèrement tombantes-et deux boutons à l'avant ,disponibles en deux couleurs.-;CHEMISE/CHEMISIER;FUTURE MAMAN;DAME;FUTUR MAMAN;;HAUT;SPORT;LACET;UNI;VIDE;BLOUSE/CHEMISIER;ETAMINE;ESSENTIEL;CHAINE ET TRAME;OVER-SIEZE;MUM;4230000709610;XXS;POURPE;54.900;;0.000
HIVER 2021;83215002;BLOUSE GROSESSE;Blouse de grosesse.;Blouse évasée à col chemise ,manches longues,légèrement tombantes-et deux boutons à l'avant ,disponibles en deux couleurs.-;CHEMISE/CHEMISIER;FUTURE MAMAN;DAME;FUTUR MAMAN;;HAUT;SPORT;LACET;UNI;VIDE;BLOUSE/CHEMISIER;ETAMINE;ESSENTIEL;CHAINE ET TRAME;OVER-SIEZE;MUM;4230000709542;XS;CAMELLE;54.900;;0.000
HIVER 2021;83215002;BLOUSE GROSESSE;Blouse de grosesse.;Blouse évasée à col chemise ,manches longues,légèrement tombantes-et deux boutons à l'avant ,disponibles en deux couleurs.-;CHEMISE/CHEMISIER;FUTURE MAMAN;DAME;FUTUR MAMAN;;HAUT;SPORT;LACET;UNI;VIDE;BLOUSE/CHEMISIER;ETAMINE;ESSENTIEL;CHAINE ET TRAME;OVER-SIEZE;MUM;4230000709627;XS;POURPE;54.900;;0.000
HIVER 2021;83215002;BLOUSE GROSESSE;Blouse de grosesse.;Blouse évasée à col chemise ,manches longues,légèrement tombantes-et deux boutons à l'avant ,disponibles en deux couleurs.-;CHEMISE/CHEMISIER;FUTURE MAMAN;DAME;FUTUR MAMAN;;HAUT;SPORT;LACET;UNI;VIDE;BLOUSE/CHEMISIER;ETAMINE;ESSENTIEL;CHAINE ET TRAME;OVER-SIEZE;MUM;4230000709559;S;CAMELLE;54.900;;15.000
HIVER 2021;83215002;BLOUSE GROSESSE;Blouse de grosesse.;Blouse évasée à col chemise ,manches longues,légèrement tombantes-et deux boutons à l'avant ,disponibles en deux couleurs.-;CHEMISE/CHEMISIER;FUTURE MAMAN;DAME;FUTUR MAMAN;;HAUT;SPORT;LACET;UNI;VIDE;BLOUSE/CHEMISIER;ETAMINE;ESSENTIEL;CHAINE ET TRAME;OVER-SIEZE;MUM;4230000709634;S;POURPE;54.900;;16.000
HIVER 2021;83215002;BLOUSE GROSESSE;Blouse de grosesse.;Blouse évasée à col chemise ,manches longues,légèrement tombantes-et deux boutons à l'avant ,disponibles en deux couleurs.-;CHEMISE/CHEMISIER;FUTURE MAMAN;DAME;FUTUR MAMAN;;HAUT;SPORT;LACET;UNI;VIDE;BLOUSE/CHEMISIER;ETAMINE;ESSENTIEL;CHAINE ET TRAME;OVER-SIEZE;MUM;4230000709566;M;CAMELLE;54.900;;28.000
HIVER 2021;83215002;BLOUSE GROSESSE;Blouse de grosesse.;Blouse évasée à col chemise ,manches longues,légèrement tombantes-et deux boutons à l'avant ,disponibles en deux couleurs.-;CHEMISE/CHEMISIER;FUTURE MAMAN;DAME;FUTUR MAMAN;;HAUT;SPORT;LACET;UNI;VIDE;BLOUSE/CHEMISIER;ETAMINE;ESSENTIEL;CHAINE ET TRAME;OVER-SIEZE;MUM;4230000709641;M;POURPE;54.900;;38.000
HIVER 2021;83215002;BLOUSE GROSESSE;Blouse de grosesse.;Blouse évasée à col chemise ,manches longues,légèrement tombantes-et deux boutons à l'avant ,disponibles en deux couleurs.-;CHEMISE/CHEMISIER;FUTURE MAMAN;DAME;FUTUR MAMAN;;HAUT;SPORT;LACET;UNI;VIDE;BLOUSE/CHEMISIER;ETAMINE;ESSENTIEL;CHAINE ET TRAME;OVER-SIEZE;MUM;4230000709573;L;CAMELLE;54.900;;31.000
HIVER 2021;83215002;BLOUSE GROSESSE;Blouse de grosesse.;Blouse évasée à col chemise ,manches longues,légèrement tombantes-et deux boutons à l'avant ,disponibles en deux couleurs.-;CHEMISE/CHEMISIER;FUTURE MAMAN;DAME;FUTUR MAMAN;;HAUT;SPORT;LACET;UNI;VIDE;BLOUSE/CHEMISIER;ETAMINE;ESSENTIEL;CHAINE ET TRAME;OVER-SIEZE;MUM;4230000709658;L;POURPE;54.900;;36.000
HIVER 2021;83215002;BLOUSE GROSESSE;Blouse de grosesse.;Blouse évasée à col chemise ,manches longues,légèrement tombantes-et deux boutons à l'avant ,disponibles en deux couleurs.-;CHEMISE/CHEMISIER;FUTURE MAMAN;DAME;FUTUR MAMAN;;HAUT;SPORT;LACET;UNI;VIDE;BLOUSE/CHEMISIER;ETAMINE;ESSENTIEL;CHAINE ET TRAME;OVER-SIEZE;MUM;4230000709580;XL;CAMELLE;54.900;;32.000
HIVER 2021;83215002;BLOUSE GROSESSE;Blouse de grosesse.;Blouse évasée à col chemise ,manches longues,légèrement tombantes-et deux boutons à l'avant ,disponibles en deux couleurs.-;CHEMISE/CHEMISIER;FUTURE MAMAN;DAME;FUTUR MAMAN;;HAUT;SPORT;LACET;UNI;VIDE;BLOUSE/CHEMISIER;ETAMINE;ESSENTIEL;CHAINE ET TRAME;OVER-SIEZE;MUM;4230000709665;XL;POURPE;54.900;;38.000
HIVER 2021;83215002;BLOUSE GROSESSE;Blouse de grosesse.;Blouse évasée à col chemise ,manches longues,légèrement tombantes-et deux boutons à l'avant ,disponibles en deux couleurs.-;CHEMISE/CHEMISIER;FUTURE MAMAN;DAME;FUTUR MAMAN;;HAUT;SPORT;LACET;UNI;VIDE;BLOUSE/CHEMISIER;ETAMINE;ESSENTIEL;CHAINE ET TRAME;OVER-SIEZE;MUM;4230000709597;XXL;CAMELLE;54.900;;32.000
HIVER 2021;83215002;BLOUSE GROSESSE;Blouse de grosesse.;Blouse évasée à col chemise ,manches longues,légèrement tombantes-et deux boutons à l'avant ,disponibles en deux couleurs.-;CHEMISE/CHEMISIER;FUTURE MAMAN;DAME;FUTUR MAMAN;;HAUT;SPORT;LACET;UNI;VIDE;BLOUSE/CHEMISIER;ETAMINE;ESSENTIEL;CHAINE ET TRAME;OVER-SIEZE;MUM;4230000709672;XXL;POURPE;54.900;;40.000
HIVER 2021;83215002;BLOUSE GROSESSE;Blouse de grosesse.;Blouse évasée à col chemise ,manches longues,légèrement tombantes-et deux boutons à l'avant ,disponibles en deux couleurs.-;CHEMISE/CHEMISIER;FUTURE MAMAN;DAME;FUTUR MAMAN;;HAUT;SPORT;LACET;UNI;VIDE;BLOUSE/CHEMISIER;ETAMINE;ESSENTIEL;CHAINE ET TRAME;OVER-SIEZE;MUM;4230000709603;XXXL;CAMELLE;54.900;;0.000
HIVER 2021;83215002;BLOUSE GROSESSE;Blouse de grosesse.;Blouse évasée à col chemise ,manches longues,légèrement tombantes-et deux boutons à l'avant ,disponibles en deux couleurs.-;CHEMISE/CHEMISIER;FUTURE MAMAN;DAME;FUTUR MAMAN;;HAUT;SPORT;LACET;UNI;VIDE;BLOUSE/CHEMISIER;ETAMINE;ESSENTIEL;CHAINE ET TRAME;OVER-SIEZE;MUM;4230000709689;XXXL;POURPE;54.900;;0.000
HIVER 2021;83217002;SALOPETTE GROSESSE;Salopette denim de grosesse.;Salopette denim avec poche plaquée à l'avant et deux bretelles.--;JEANS;FUTURE MAMAN;DAME;FUTUR MAMAN;;BAS;SPORT;POCHE;UNI;SKINNY FIT;SALOPETTE PANT;JEANS;ESSENTIEL;DJEANS;SLIM FIT;MUM;4230000726617;34;BLEU JEAN;99.900;;0.000
HIVER 2021;83217002;SALOPETTE GROSESSE;Salopette denim de grosesse.;Salopette denim avec poche plaquée à l'avant et deux bretelles.--;JEANS;FUTURE MAMAN;DAME;FUTUR MAMAN;;BAS;SPORT;POCHE;UNI;SKINNY FIT;SALOPETTE PANT;JEANS;ESSENTIEL;DJEANS;SLIM FIT;MUM;4230000726624;36;BLEU JEAN;99.900;;0.000
HIVER 2021;83217002;SALOPETTE GROSESSE;Salopette denim de grosesse.;Salopette denim avec poche plaquée à l'avant et deux bretelles.--;JEANS;FUTURE MAMAN;DAME;FUTUR MAMAN;;BAS;SPORT;POCHE;UNI;SKINNY FIT;SALOPETTE PANT;JEANS;ESSENTIEL;DJEANS;SLIM FIT;MUM;4230000726631;38;BLEU JEAN;99.900;;19.000
HIVER 2021;83217002;SALOPETTE GROSESSE;Salopette denim de grosesse.;Salopette denim avec poche plaquée à l'avant et deux bretelles.--;JEANS;FUTURE MAMAN;DAME;FUTUR MAMAN;;BAS;SPORT;POCHE;UNI;SKINNY FIT;SALOPETTE PANT;JEANS;ESSENTIEL;DJEANS;SLIM FIT;MUM;4230000726648;40;BLEU JEAN;99.900;;38.000
HIVER 2021;83217002;SALOPETTE GROSESSE;Salopette denim de grosesse.;Salopette denim avec poche plaquée à l'avant et deux bretelles.--;JEANS;FUTURE MAMAN;DAME;FUTUR MAMAN;;BAS;SPORT;POCHE;UNI;SKINNY FIT;SALOPETTE PANT;JEANS;ESSENTIEL;DJEANS;SLIM FIT;MUM;4230000726655;42;BLEU JEAN;99.900;;38.000
HIVER 2021;83217002;SALOPETTE GROSESSE;Salopette denim de grosesse.;Salopette denim avec poche plaquée à l'avant et deux bretelles.--;JEANS;FUTURE MAMAN;DAME;FUTUR MAMAN;;BAS;SPORT;POCHE;UNI;SKINNY FIT;SALOPETTE PANT;JEANS;ESSENTIEL;DJEANS;SLIM FIT;MUM;4230000726662;44;BLEU JEAN;99.900;;38.000
HIVER 2021;83217002;SALOPETTE GROSESSE;Salopette denim de grosesse.;Salopette denim avec poche plaquée à l'avant et deux bretelles.--;JEANS;FUTURE MAMAN;DAME;FUTUR MAMAN;;BAS;SPORT;POCHE;UNI;SKINNY FIT;SALOPETTE PANT;JEANS;ESSENTIEL;DJEANS;SLIM FIT;MUM;4230000726679;46;BLEU JEAN;99.900;;38.000
HIVER 2021;83217002;SALOPETTE GROSESSE;Salopette denim de grosesse.;Salopette denim avec poche plaquée à l'avant et deux bretelles.--;JEANS;FUTURE MAMAN;DAME;FUTUR MAMAN;;BAS;SPORT;POCHE;UNI;SKINNY FIT;SALOPETTE PANT;JEANS;ESSENTIEL;DJEANS;SLIM FIT;MUM;4230000726686;48;BLEU JEAN;99.900;;0.000
HIVER 2021;83217002;SALOPETTE GROSESSE;Salopette denim de grosesse.;Salopette denim avec poche plaquée à l'avant et deux bretelles.--;JEANS;FUTURE MAMAN;DAME;FUTUR MAMAN;;BAS;SPORT;POCHE;UNI;SKINNY FIT;SALOPETTE PANT;JEANS;ESSENTIEL;DJEANS;SLIM FIT;MUM;4230000726693;50;BLEU JEAN;99.900;;0.000
HIVER 2021;83217002;SALOPETTE GROSESSE;Salopette denim de grosesse.;Salopette denim avec poche plaquée à l'avant et deux bretelles.--;JEANS;FUTURE MAMAN;DAME;FUTUR MAMAN;;BAS;SPORT;POCHE;UNI;SKINNY FIT;SALOPETTE PANT;JEANS;ESSENTIEL;DJEANS;SLIM FIT;MUM;4230000726709;32;BLEU JEAN;99.900;;0.000
HIVER 2021;83219002;PANTALON GROSES;Pantalon denim skinny.;Pantalon denim skinny à 5 poches ,rehausse le dos et avec sac de-grosesse comfortable.-;JEANS;FUTURE MAMAN;DAME;FUTUR MAMAN;;BAS;SPORT;GROSSESSE;UNI;SKINNY FIT;JEANS;JEANS;ESSENTIEL;DJEANS;SLIM FIT;MUM;4230000712610;34;BLEU JEAN;67.787;;0.000
HIVER 2021;83219002;PANTALON GROSES;Pantalon denim skinny.;Pantalon denim skinny à 5 poches ,rehausse le dos et avec sac de-grosesse comfortable.-;JEANS;FUTURE MAMAN;DAME;FUTUR MAMAN;;BAS;SPORT;GROSSESSE;UNI;SKINNY FIT;JEANS;JEANS;ESSENTIEL;DJEANS;SLIM FIT;MUM;4230000712627;36;BLEU JEAN;59.900;;38.000
HIVER 2021;83219002;PANTALON GROSES;Pantalon denim skinny.;Pantalon denim skinny à 5 poches ,rehausse le dos et avec sac de-grosesse comfortable.-;JEANS;FUTURE MAMAN;DAME;FUTUR MAMAN;;BAS;SPORT;GROSSESSE;UNI;SKINNY FIT;JEANS;JEANS;ESSENTIEL;DJEANS;SLIM FIT;MUM;4230000712634;38;BLEU JEAN;59.900;;38.000
HIVER 2021;83219002;PANTALON GROSES;Pantalon denim skinny.;Pantalon denim skinny à 5 poches ,rehausse le dos et avec sac de-grosesse comfortable.-;JEANS;FUTURE MAMAN;DAME;FUTUR MAMAN;;BAS;SPORT;GROSSESSE;UNI;SKINNY FIT;JEANS;JEANS;ESSENTIEL;DJEANS;SLIM FIT;MUM;4230000712641;40;BLEU JEAN;59.900;;37.000
HIVER 2021;83219002;PANTALON GROSES;Pantalon denim skinny.;Pantalon denim skinny à 5 poches ,rehausse le dos et avec sac de-grosesse comfortable.-;JEANS;FUTURE MAMAN;DAME;FUTUR MAMAN;;BAS;SPORT;GROSSESSE;UNI;SKINNY FIT;JEANS;JEANS;ESSENTIEL;DJEANS;SLIM FIT;MUM;4230000712658;42;BLEU JEAN;59.900;;18.000
HIVER 2021;83219002;PANTALON GROSES;Pantalon denim skinny.;Pantalon denim skinny à 5 poches ,rehausse le dos et avec sac de-grosesse comfortable.-;JEANS;FUTURE MAMAN;DAME;FUTUR MAMAN;;BAS;SPORT;GROSSESSE;UNI;SKINNY FIT;JEANS;JEANS;ESSENTIEL;DJEANS;SLIM FIT;MUM;4230000712665;44;BLEU JEAN;59.900;;19.000
HIVER 2021;83219002;PANTALON GROSES;Pantalon denim skinny.;Pantalon denim skinny à 5 poches ,rehausse le dos et avec sac de-grosesse comfortable.-;JEANS;FUTURE MAMAN;DAME;FUTUR MAMAN;;BAS;SPORT;GROSSESSE;UNI;SKINNY FIT;JEANS;JEANS;ESSENTIEL;DJEANS;SLIM FIT;MUM;4230000712672;46;BLEU JEAN;67.787;;0.000
HIVER 2021;83219002;PANTALON GROSES;Pantalon denim skinny.;Pantalon denim skinny à 5 poches ,rehausse le dos et avec sac de-grosesse comfortable.-;JEANS;FUTURE MAMAN;DAME;FUTUR MAMAN;;BAS;SPORT;GROSSESSE;UNI;SKINNY FIT;JEANS;JEANS;ESSENTIEL;DJEANS;SLIM FIT;MUM;4230000712689;48;BLEU JEAN;67.787;;0.000
HIVER 2021;83219002;PANTALON GROSES;Pantalon denim skinny.;Pantalon denim skinny à 5 poches ,rehausse le dos et avec sac de-grosesse comfortable.-;JEANS;FUTURE MAMAN;DAME;FUTUR MAMAN;;BAS;SPORT;GROSSESSE;UNI;SKINNY FIT;JEANS;JEANS;ESSENTIEL;DJEANS;SLIM FIT;MUM;4230000712696;50;BLEU JEAN;67.787;;0.000
HIVER 2021;83219002;PANTALON GROSES;Pantalon denim skinny.;Pantalon denim skinny à 5 poches ,rehausse le dos et avec sac de-grosesse comfortable.-;JEANS;FUTURE MAMAN;DAME;FUTUR MAMAN;;BAS;SPORT;GROSSESSE;UNI;SKINNY FIT;JEANS;JEANS;ESSENTIEL;DJEANS;SLIM FIT;MUM;4230000712702;32;BLEU JEAN;67.787;;0.000
HIVER 2021;83219004;PANTALON GROSES;Pantalon grosesse regular fit.;Pantalon regular fit avec sac de grosesse comfortable et ceinture-taille.-;PANTALONS;FUTURE MAMAN;DAME;FUTUR MAMAN;;BAS;SPORT;GROSSESSE;UNI;CIGARETTE;PANTALONS;;ESSENTIEL;CHAINE ET TRAME;REGULAR FIT;MUM;4230000709795;34;NOIR;57.403;;0.000
HIVER 2021;83219004;PANTALON GROSES;Pantalon grosesse regular fit.;Pantalon regular fit avec sac de grosesse comfortable et ceinture-taille.-;PANTALONS;FUTURE MAMAN;DAME;FUTUR MAMAN;;BAS;SPORT;GROSSESSE;UNI;CIGARETTE;PANTALONS;;ESSENTIEL;CHAINE ET TRAME;REGULAR FIT;MUM;4230000709801;36;NOIR;57.403;;0.000
HIVER 2021;83219004;PANTALON GROSES;Pantalon grosesse regular fit.;Pantalon regular fit avec sac de grosesse comfortable et ceinture-taille.-;PANTALONS;FUTURE MAMAN;DAME;FUTUR MAMAN;;BAS;SPORT;GROSSESSE;UNI;CIGARETTE;PANTALONS;;ESSENTIEL;CHAINE ET TRAME;REGULAR FIT;MUM;4230000709818;38;NOIR;59.900;;20.000
HIVER 2021;83219004;PANTALON GROSES;Pantalon grosesse regular fit.;Pantalon regular fit avec sac de grosesse comfortable et ceinture-taille.-;PANTALONS;FUTURE MAMAN;DAME;FUTUR MAMAN;;BAS;SPORT;GROSSESSE;UNI;CIGARETTE;PANTALONS;;ESSENTIEL;CHAINE ET TRAME;REGULAR FIT;MUM;4230000709825;40;NOIR;59.900;;39.000
HIVER 2021;83219004;PANTALON GROSES;Pantalon grosesse regular fit.;Pantalon regular fit avec sac de grosesse comfortable et ceinture-taille.-;PANTALONS;FUTURE MAMAN;DAME;FUTUR MAMAN;;BAS;SPORT;GROSSESSE;UNI;CIGARETTE;PANTALONS;;ESSENTIEL;CHAINE ET TRAME;REGULAR FIT;MUM;4230000709832;42;NOIR;59.900;;40.000
HIVER 2021;83219004;PANTALON GROSES;Pantalon grosesse regular fit.;Pantalon regular fit avec sac de grosesse comfortable et ceinture-taille.-;PANTALONS;FUTURE MAMAN;DAME;FUTUR MAMAN;;BAS;SPORT;GROSSESSE;UNI;CIGARETTE;PANTALONS;;ESSENTIEL;CHAINE ET TRAME;REGULAR FIT;MUM;4230000709849;44;NOIR;59.900;;41.000
HIVER 2021;83219004;PANTALON GROSES;Pantalon grosesse regular fit.;Pantalon regular fit avec sac de grosesse comfortable et ceinture-taille.-;PANTALONS;FUTURE MAMAN;DAME;FUTUR MAMAN;;BAS;SPORT;GROSSESSE;UNI;CIGARETTE;PANTALONS;;ESSENTIEL;CHAINE ET TRAME;REGULAR FIT;MUM;4230000709856;46;NOIR;59.900;;42.000
HIVER 2021;83219004;PANTALON GROSES;Pantalon grosesse regular fit.;Pantalon regular fit avec sac de grosesse comfortable et ceinture-taille.-;PANTALONS;FUTURE MAMAN;DAME;FUTUR MAMAN;;BAS;SPORT;GROSSESSE;UNI;CIGARETTE;PANTALONS;;ESSENTIEL;CHAINE ET TRAME;REGULAR FIT;MUM;4230000709863;48;NOIR;57.403;;0.000
HIVER 2021;83219004;PANTALON GROSES;Pantalon grosesse regular fit.;Pantalon regular fit avec sac de grosesse comfortable et ceinture-taille.-;PANTALONS;FUTURE MAMAN;DAME;FUTUR MAMAN;;BAS;SPORT;GROSSESSE;UNI;CIGARETTE;PANTALONS;;ESSENTIEL;CHAINE ET TRAME;REGULAR FIT;MUM;4230000709870;50;NOIR;57.403;;0.000
HIVER 2021;83219004;PANTALON GROSES;Pantalon grosesse regular fit.;Pantalon regular fit avec sac de grosesse comfortable et ceinture-taille.-;PANTALONS;FUTURE MAMAN;DAME;FUTUR MAMAN;;BAS;SPORT;GROSSESSE;UNI;CIGARETTE;PANTALONS;;ESSENTIEL;CHAINE ET TRAME;REGULAR FIT;MUM;4230000709887;32;NOIR;57.403;;0.000
HIVER 2021;83219005;LEGGING FEMME;Legging de grosesse.;Legging  de grosesse avec nervure au milieu devant.--;LEGGING EN MAILLE;FUTURE MAMAN;DAME;FUTUR MAMAN;;BAS;SPORT;NERVURE;UNI;SKINNY FIT;LEGGING;;ESSENTIEL;MAILLE;SLIM FIT;MUM;4230000738894;34;NOIR;49.900;;0.000
HIVER 2021;83219005;LEGGING FEMME;Legging de grosesse.;Legging  de grosesse avec nervure au milieu devant.--;LEGGING EN MAILLE;FUTURE MAMAN;DAME;FUTUR MAMAN;;BAS;SPORT;NERVURE;UNI;SKINNY FIT;LEGGING;;ESSENTIEL;MAILLE;SLIM FIT;MUM;4230000738900;36;NOIR;49.900;;0.000
HIVER 2021;83219005;LEGGING FEMME;Legging de grosesse.;Legging  de grosesse avec nervure au milieu devant.--;LEGGING EN MAILLE;FUTURE MAMAN;DAME;FUTUR MAMAN;;BAS;SPORT;NERVURE;UNI;SKINNY FIT;LEGGING;;ESSENTIEL;MAILLE;SLIM FIT;MUM;4230000738917;38;NOIR;49.900;;17.000
HIVER 2021;83219005;LEGGING FEMME;Legging de grosesse.;Legging  de grosesse avec nervure au milieu devant.--;LEGGING EN MAILLE;FUTURE MAMAN;DAME;FUTUR MAMAN;;BAS;SPORT;NERVURE;UNI;SKINNY FIT;LEGGING;;ESSENTIEL;MAILLE;SLIM FIT;MUM;4230000738924;40;NOIR;49.900;;37.000
HIVER 2021;83219005;LEGGING FEMME;Legging de grosesse.;Legging  de grosesse avec nervure au milieu devant.--;LEGGING EN MAILLE;FUTURE MAMAN;DAME;FUTUR MAMAN;;BAS;SPORT;NERVURE;UNI;SKINNY FIT;LEGGING;;ESSENTIEL;MAILLE;SLIM FIT;MUM;4230000738931;42;NOIR;49.900;;38.000
HIVER 2021;83219005;LEGGING FEMME;Legging de grosesse.;Legging  de grosesse avec nervure au milieu devant.--;LEGGING EN MAILLE;FUTURE MAMAN;DAME;FUTUR MAMAN;;BAS;SPORT;NERVURE;UNI;SKINNY FIT;LEGGING;;ESSENTIEL;MAILLE;SLIM FIT;MUM;4230000738948;44;NOIR;49.900;;40.000
HIVER 2021;83219005;LEGGING FEMME;Legging de grosesse.;Legging  de grosesse avec nervure au milieu devant.--;LEGGING EN MAILLE;FUTURE MAMAN;DAME;FUTUR MAMAN;;BAS;SPORT;NERVURE;UNI;SKINNY FIT;LEGGING;;ESSENTIEL;MAILLE;SLIM FIT;MUM;4230000738955;46;NOIR;49.900;;38.000
HIVER 2021;83219005;LEGGING FEMME;Legging de grosesse.;Legging  de grosesse avec nervure au milieu devant.--;LEGGING EN MAILLE;FUTURE MAMAN;DAME;FUTUR MAMAN;;BAS;SPORT;NERVURE;UNI;SKINNY FIT;LEGGING;;ESSENTIEL;MAILLE;SLIM FIT;MUM;4230000738962;48;NOIR;49.900;;0.000
HIVER 2021;83219005;LEGGING FEMME;Legging de grosesse.;Legging  de grosesse avec nervure au milieu devant.--;LEGGING EN MAILLE;FUTURE MAMAN;DAME;FUTUR MAMAN;;BAS;SPORT;NERVURE;UNI;SKINNY FIT;LEGGING;;ESSENTIEL;MAILLE;SLIM FIT;MUM;4230000738979;50;NOIR;49.900;;0.000
HIVER 2021;83219005;LEGGING FEMME;Legging de grosesse.;Legging  de grosesse avec nervure au milieu devant.--;LEGGING EN MAILLE;FUTURE MAMAN;DAME;FUTUR MAMAN;;BAS;SPORT;NERVURE;UNI;SKINNY FIT;LEGGING;;ESSENTIEL;MAILLE;SLIM FIT;MUM;4230000738986;32;NOIR;49.900;;0.000
