HIVER 2021;82211011;PULL FEMME;Pull en maille côtelée.;Pull ajuste en support cotele , col roule et manches longues--;PULL;MINIMALISTE FLOWER;DAME;JUNIOR;;HAUT;SPORT;SANS DETAIL;UNI;VIDE;PULL;;ESSENTIEL;COL SEMI MONTANT;SLIM FIT;COLLECTION;4230000731291;XS;BEIGE CLAIR;29.900;;12.000
HIVER 2021;82211011;PULL FEMME;Pull en maille côtelée.;Pull ajuste en support cotele , col roule et manches longues--;PULL;MINIMALISTE FLOWER;DAME;JUNIOR;;HAUT;SPORT;SANS DETAIL;UNI;VIDE;PULL;;ESSENTIEL;COL SEMI MONTANT;SLIM FIT;COLLECTION;4230000731376;XS;ROSE POUDRE;29.900;;11.000
HIVER 2021;82211011;PULL FEMME;Pull en maille côtelée.;Pull ajuste en support cotele , col roule et manches longues--;PULL;MINIMALISTE FLOWER;DAME;JUNIOR;;HAUT;SPORT;SANS DETAIL;UNI;VIDE;PULL;;ESSENTIEL;COL SEMI MONTANT;SLIM FIT;COLLECTION;4230000731307;S;BEIGE CLAIR;29.900;;34.000
HIVER 2021;82211011;PULL FEMME;Pull en maille côtelée.;Pull ajuste en support cotele , col roule et manches longues--;PULL;MINIMALISTE FLOWER;DAME;JUNIOR;;HAUT;SPORT;SANS DETAIL;UNI;VIDE;PULL;;ESSENTIEL;COL SEMI MONTANT;SLIM FIT;COLLECTION;4230000731383;S;ROSE POUDRE;29.900;;20.000
HIVER 2021;82211011;PULL FEMME;Pull en maille côtelée.;Pull ajuste en support cotele , col roule et manches longues--;PULL;MINIMALISTE FLOWER;DAME;JUNIOR;;HAUT;SPORT;SANS DETAIL;UNI;VIDE;PULL;;ESSENTIEL;COL SEMI MONTANT;SLIM FIT;COLLECTION;4230000731314;M;BEIGE CLAIR;29.900;;36.000
HIVER 2021;82211011;PULL FEMME;Pull en maille côtelée.;Pull ajuste en support cotele , col roule et manches longues--;PULL;MINIMALISTE FLOWER;DAME;JUNIOR;;HAUT;SPORT;SANS DETAIL;UNI;VIDE;PULL;;ESSENTIEL;COL SEMI MONTANT;SLIM FIT;COLLECTION;4230000731390;M;ROSE POUDRE;29.900;;26.000
HIVER 2021;82211011;PULL FEMME;Pull en maille côtelée.;Pull ajuste en support cotele , col roule et manches longues--;PULL;MINIMALISTE FLOWER;DAME;JUNIOR;;HAUT;SPORT;SANS DETAIL;UNI;VIDE;PULL;;ESSENTIEL;COL SEMI MONTANT;SLIM FIT;COLLECTION;4230000731321;L;BEIGE CLAIR;29.900;;40.000
HIVER 2021;82211011;PULL FEMME;Pull en maille côtelée.;Pull ajuste en support cotele , col roule et manches longues--;PULL;MINIMALISTE FLOWER;DAME;JUNIOR;;HAUT;SPORT;SANS DETAIL;UNI;VIDE;PULL;;ESSENTIEL;COL SEMI MONTANT;SLIM FIT;COLLECTION;4230000731406;L;ROSE POUDRE;29.900;;40.000
HIVER 2021;82211011;PULL FEMME;Pull en maille côtelée.;Pull ajuste en support cotele , col roule et manches longues--;PULL;MINIMALISTE FLOWER;DAME;JUNIOR;;HAUT;SPORT;SANS DETAIL;UNI;VIDE;PULL;;ESSENTIEL;COL SEMI MONTANT;SLIM FIT;COLLECTION;4230000731338;XL;BEIGE CLAIR;29.900;;19.000
HIVER 2021;82211011;PULL FEMME;Pull en maille côtelée.;Pull ajuste en support cotele , col roule et manches longues--;PULL;MINIMALISTE FLOWER;DAME;JUNIOR;;HAUT;SPORT;SANS DETAIL;UNI;VIDE;PULL;;ESSENTIEL;COL SEMI MONTANT;SLIM FIT;COLLECTION;4230000731413;XL;ROSE POUDRE;29.900;;16.000
HIVER 2021;82211014;PULL FEMME;Pull en maille texturé.;Pull à col semi-montant.Boutons doublés dans le dos .Manches semi-bouffantes .-;PULL/SWEAT;PRESSED FLOWER;DAME;DAME;;HAUT;SPORT;POIGNET;UNI TEXTURE;VIDE;PULL;;ESSENTIEL;CHAINE ET TRAME;REGULAR FIT;COLLECTION;4230000739051;XXL;ORANGE;34.900;;39.000
HIVER 2021;82211017;PULL FEMME;Pull basic côtelé.;Pull basic côtelé a col rond ,disponible en plusieurs couleurs.--;PULL/SWEAT;NOSTALGIA;DAME;JUNIOR RESERVE;;HAUT;SPORT;SANS DETAIL;UNI;VIDE;PULL;;ESSENTIEL;MAILLE;SLIM FIT;COLLECTION;4230000736678;XL;ROSE POUDRE;29.900;;7.000
HIVER 2021;82213005;BLAZER FEMME;Blazer ouvert à double boutonnage.;Blazer avec col tailleur ,poches passepoilées sur le devant et-fermeture à double boutonnage sur le devant .-;VESTE;MINIMALISTE FLOWER;DAME;JUNIOR;;OUTWEAR;SPORT;COL;UNI;VIDE;BLAZER;;ESSENTIEL;CHAINE ET TRAME;REGULAR FIT;COLLECTION;4230000732496;XS;CAMELLE;129.900;;5.000
HIVER 2021;82213019;TRENCH FEMME;Trench en similicuir à ceinture.;Trench avec col à revers et manches longues.Poches sur les côtés.-Ceinture à nouer de même tissu .-;VESTE;PRESSED FLOWER;DAME;DAME;;OUTWEAR;SPORT;COL RAS DU COU;UNI;VIDE;TRENCH;SIMILICUIR;ESSENTIEL;CHAINE ET TRAME;REGULAR FIT;COLLECTION;4230000700945;XL;NOIR;99.899;;44.000
HIVER 2021;82213205;BLAZER FEMME;Blazer ouvert à double boutonnage.;Blazer sport col tailleur avec 2 poches passepoile--;VESTE;MINIMALISTE FLOWER;DAME;JUNIOR;;OUTWEAR;SPORT;COUPE;CARREAU;VIDE;BLAZER;;ESSENTIEL;CHAINE ET TRAME;REGULAR FIT;COLLECTION;4230000738382;XS;BLEU CLAIR/BEIGE/BLEU MAR;159.900;;15.000
HIVER 2021;82213205;BLAZER FEMME;Blazer ouvert à double boutonnage.;Blazer sport col tailleur avec 2 poches passepoile--;VESTE;MINIMALISTE FLOWER;DAME;JUNIOR;;OUTWEAR;SPORT;COUPE;CARREAU;VIDE;BLAZER;;ESSENTIEL;CHAINE ET TRAME;REGULAR FIT;COLLECTION;4230000738399;S;BLEU CLAIR/BEIGE/BLEU MAR;159.900;;26.000
HIVER 2021;82213205;BLAZER FEMME;Blazer ouvert à double boutonnage.;Blazer sport col tailleur avec 2 poches passepoile--;VESTE;MINIMALISTE FLOWER;DAME;JUNIOR;;OUTWEAR;SPORT;COUPE;CARREAU;VIDE;BLAZER;;ESSENTIEL;CHAINE ET TRAME;REGULAR FIT;COLLECTION;4230000738405;M;BLEU CLAIR/BEIGE/BLEU MAR;159.900;;29.000
HIVER 2021;82213205;BLAZER FEMME;Blazer ouvert à double boutonnage.;Blazer sport col tailleur avec 2 poches passepoile--;VESTE;MINIMALISTE FLOWER;DAME;JUNIOR;;OUTWEAR;SPORT;COUPE;CARREAU;VIDE;BLAZER;;ESSENTIEL;CHAINE ET TRAME;REGULAR FIT;COLLECTION;4230000738412;L;BLEU CLAIR/BEIGE/BLEU MAR;159.900;;38.000
HIVER 2021;82213205;BLAZER FEMME;Blazer ouvert à double boutonnage.;Blazer sport col tailleur avec 2 poches passepoile--;VESTE;MINIMALISTE FLOWER;DAME;JUNIOR;;OUTWEAR;SPORT;COUPE;CARREAU;VIDE;BLAZER;;ESSENTIEL;CHAINE ET TRAME;REGULAR FIT;COLLECTION;4230000738429;XL;BLEU CLAIR/BEIGE/BLEU MAR;159.900;;15.000
HIVER 2021;82214002;ROBE FEMME;Robe longue à lacet.;Robe à encolure en v avec décolleté surplis et manches longues,lacé-sur bas manche .-;ROBE;PRESSED FLOWER;DAME;DAME;;LOOK TOTAL;SPORT;FRONCE;UNI;VIDE;ROBE;;ESSENTIEL;CHAINE ET TRAME;LONGUE;COLLECTION;4230000716137;S;VERT MILITAIRE;69.900;;17.000
HIVER 2021;82215005;LIQUETTE FEMME;Blouse à manches bouffantes.;Liquette a manches longues bouffantes et a col officier--;CHEMISE/CHEMISIER;RETRO-GEO;DAME;DAME RESERVE;;HAUT;SPORT CHIC;MANCHE;UNI;VIDE;LIQUETTE;;ESSENTIEL;COL SEMI MONTANT;OVER-SIEZE;COLLECTION;4230000716625;M;CAMELLE;64.900;;29.000
HIVER 2021;82216024;CHEMISE FEMME;Chemisier boutonnée sur le devant.;Chemiser à manches longues et  pate DVT et col asymétrique,boutonnée-sur le devant, avec  plis plat sur épaule.-;CHEMISE/CHEMISIER;RETRO-GEO;DAME;DAME RESERVE;;HAUT;SPORT CHIC;PATTE;UNI;VIDE;CHEMISIER;ETAMINE;ESSENTIEL;CHAINE ET TRAME;REGULAR FIT;COLLECTION;4230000729076;XXL;VERT EMERAUDE;54.900;;33.000
HIVER 2021;82216025;TUNIQUE FEMME;Tunique avec pate boutonnés.;Tunique imprimé avec col officier ,devant partiellement boutonné ,-poignets boutonnés.-;CHEMISE/CHEMISIER;RETRO-GEO;DAME;DAME RESERVE;;HAUT;SPORT CHIC;PLIS;FLORAL;VIDE;TUNIQUE;;ESSENTIEL;CHAINE ET TRAME;REGULAR FIT;COLLECTION;4230000728147;M;BLEU/VERT AQUA/BEIGE;69.900;;34.000
HIVER 2021;82219007;PANTALON FEMME;Pantalon carotte à ceinture.;Pantalon taille haute,coupe carotte.Ceinture à boucle en métal ,poche-latérales et fausses poches passepoilées à l'arrière .-;PANTALONS;PRESSED FLOWER;DAME;DAME;;BAS;SPORT;CEINTURE;UNI;CAROTTE;PANTALONS;;ESSENTIEL;CHAINE ET TRAME;REGULAR FIT;COLLECTION;4230000702963;40;NOIR;69.900;;37.000
HIVER 2021;83211002;PULL GROSESSE;Pull de grosesse en maille.;Pull de grosesse à col rond ,manches longues  légèrement,fronce à l-tête de manches ,élastique sur les côtés,disponibles en plusieurs-couleurs.;PULL/SWEAT;FUTURE MAMAN;DAME;FUTUR MAMAN;;HAUT;SPORT;COL;UNI;VIDE;PULL;COTE POLYSTER;ESSENTIEL;MAILLE;REGULAR FIT;MUM;4230000708811;XXS;BEIGE;34.900;;0.000
HIVER 2021;83211002;PULL GROSESSE;Pull de grosesse en maille.;Pull de grosesse à col rond ,manches longues  légèrement,fronce à l-tête de manches ,élastique sur les côtés,disponibles en plusieurs-couleurs.;PULL/SWEAT;FUTURE MAMAN;DAME;FUTUR MAMAN;;HAUT;SPORT;COL;UNI;VIDE;PULL;COTE POLYSTER;ESSENTIEL;MAILLE;REGULAR FIT;MUM;4230000708897;XXS;BLEU CLAIRE;34.900;;0.000
HIVER 2021;83211002;PULL GROSESSE;Pull de grosesse en maille.;Pull de grosesse à col rond ,manches longues  légèrement,fronce à l-tête de manches ,élastique sur les côtés,disponibles en plusieurs-couleurs.;PULL/SWEAT;FUTURE MAMAN;DAME;FUTUR MAMAN;;HAUT;SPORT;COL;UNI;VIDE;PULL;COTE POLYSTER;ESSENTIEL;MAILLE;REGULAR FIT;MUM;4230000708736;XXS;OFF WHITE;34.900;;0.000
HIVER 2021;83211002;PULL GROSESSE;Pull de grosesse en maille.;Pull de grosesse à col rond ,manches longues  légèrement,fronce à l-tête de manches ,élastique sur les côtés,disponibles en plusieurs-couleurs.;PULL/SWEAT;FUTURE MAMAN;DAME;FUTUR MAMAN;;HAUT;SPORT;COL;UNI;VIDE;PULL;COTE POLYSTER;ESSENTIEL;MAILLE;REGULAR FIT;MUM;4230000724279;XXS;ROSE DE SABLE;34.900;;0.000
HIVER 2021;83211002;PULL GROSESSE;Pull de grosesse en maille.;Pull de grosesse à col rond ,manches longues  légèrement,fronce à l-tête de manches ,élastique sur les côtés,disponibles en plusieurs-couleurs.;PULL/SWEAT;FUTURE MAMAN;DAME;FUTUR MAMAN;;HAUT;SPORT;COL;UNI;VIDE;PULL;COTE POLYSTER;ESSENTIEL;MAILLE;REGULAR FIT;MUM;4230000708828;XS;BEIGE;34.900;;0.000
HIVER 2021;83211002;PULL GROSESSE;Pull de grosesse en maille.;Pull de grosesse à col rond ,manches longues  légèrement,fronce à l-tête de manches ,élastique sur les côtés,disponibles en plusieurs-couleurs.;PULL/SWEAT;FUTURE MAMAN;DAME;FUTUR MAMAN;;HAUT;SPORT;COL;UNI;VIDE;PULL;COTE POLYSTER;ESSENTIEL;MAILLE;REGULAR FIT;MUM;4230000708903;XS;BLEU CLAIRE;34.900;;0.000
HIVER 2021;83211002;PULL GROSESSE;Pull de grosesse en maille.;Pull de grosesse à col rond ,manches longues  légèrement,fronce à l-tête de manches ,élastique sur les côtés,disponibles en plusieurs-couleurs.;PULL/SWEAT;FUTURE MAMAN;DAME;FUTUR MAMAN;;HAUT;SPORT;COL;UNI;VIDE;PULL;COTE POLYSTER;ESSENTIEL;MAILLE;REGULAR FIT;MUM;4230000708743;XS;OFF WHITE;34.900;;0.000
HIVER 2021;83211002;PULL GROSESSE;Pull de grosesse en maille.;Pull de grosesse à col rond ,manches longues  légèrement,fronce à l-tête de manches ,élastique sur les côtés,disponibles en plusieurs-couleurs.;PULL/SWEAT;FUTURE MAMAN;DAME;FUTUR MAMAN;;HAUT;SPORT;COL;UNI;VIDE;PULL;COTE POLYSTER;ESSENTIEL;MAILLE;REGULAR FIT;MUM;4230000724286;XS;ROSE DE SABLE;34.900;;0.000
HIVER 2021;83211002;PULL GROSESSE;Pull de grosesse en maille.;Pull de grosesse à col rond ,manches longues  légèrement,fronce à l-tête de manches ,élastique sur les côtés,disponibles en plusieurs-couleurs.;PULL/SWEAT;FUTURE MAMAN;DAME;FUTUR MAMAN;;HAUT;SPORT;COL;UNI;VIDE;PULL;COTE POLYSTER;ESSENTIEL;MAILLE;REGULAR FIT;MUM;4230000708835;S;BEIGE;34.900;;0.000
HIVER 2021;83211002;PULL GROSESSE;Pull de grosesse en maille.;Pull de grosesse à col rond ,manches longues  légèrement,fronce à l-tête de manches ,élastique sur les côtés,disponibles en plusieurs-couleurs.;PULL/SWEAT;FUTURE MAMAN;DAME;FUTUR MAMAN;;HAUT;SPORT;COL;UNI;VIDE;PULL;COTE POLYSTER;ESSENTIEL;MAILLE;REGULAR FIT;MUM;4230000708910;S;BLEU CLAIRE;34.900;;-1.000
HIVER 2021;83211002;PULL GROSESSE;Pull de grosesse en maille.;Pull de grosesse à col rond ,manches longues  légèrement,fronce à l-tête de manches ,élastique sur les côtés,disponibles en plusieurs-couleurs.;PULL/SWEAT;FUTURE MAMAN;DAME;FUTUR MAMAN;;HAUT;SPORT;COL;UNI;VIDE;PULL;COTE POLYSTER;ESSENTIEL;MAILLE;REGULAR FIT;MUM;4230000708750;S;OFF WHITE;34.900;;-1.000
HIVER 2021;83211002;PULL GROSESSE;Pull de grosesse en maille.;Pull de grosesse à col rond ,manches longues  légèrement,fronce à l-tête de manches ,élastique sur les côtés,disponibles en plusieurs-couleurs.;PULL/SWEAT;FUTURE MAMAN;DAME;FUTUR MAMAN;;HAUT;SPORT;COL;UNI;VIDE;PULL;COTE POLYSTER;ESSENTIEL;MAILLE;REGULAR FIT;MUM;4230000724293;S;ROSE DE SABLE;34.900;;-1.000
HIVER 2021;83211002;PULL GROSESSE;Pull de grosesse en maille.;Pull de grosesse à col rond ,manches longues  légèrement,fronce à l-tête de manches ,élastique sur les côtés,disponibles en plusieurs-couleurs.;PULL/SWEAT;FUTURE MAMAN;DAME;FUTUR MAMAN;;HAUT;SPORT;COL;UNI;VIDE;PULL;COTE POLYSTER;ESSENTIEL;MAILLE;REGULAR FIT;MUM;4230000708842;M;BEIGE;34.900;;1.000
HIVER 2021;83211002;PULL GROSESSE;Pull de grosesse en maille.;Pull de grosesse à col rond ,manches longues  légèrement,fronce à l-tête de manches ,élastique sur les côtés,disponibles en plusieurs-couleurs.;PULL/SWEAT;FUTURE MAMAN;DAME;FUTUR MAMAN;;HAUT;SPORT;COL;UNI;VIDE;PULL;COTE POLYSTER;ESSENTIEL;MAILLE;REGULAR FIT;MUM;4230000708927;M;BLEU CLAIRE;34.900;;0.000
HIVER 2021;83211002;PULL GROSESSE;Pull de grosesse en maille.;Pull de grosesse à col rond ,manches longues  légèrement,fronce à l-tête de manches ,élastique sur les côtés,disponibles en plusieurs-couleurs.;PULL/SWEAT;FUTURE MAMAN;DAME;FUTUR MAMAN;;HAUT;SPORT;COL;UNI;VIDE;PULL;COTE POLYSTER;ESSENTIEL;MAILLE;REGULAR FIT;MUM;4230000708767;M;OFF WHITE;34.900;;0.000
HIVER 2021;83211002;PULL GROSESSE;Pull de grosesse en maille.;Pull de grosesse à col rond ,manches longues  légèrement,fronce à l-tête de manches ,élastique sur les côtés,disponibles en plusieurs-couleurs.;PULL/SWEAT;FUTURE MAMAN;DAME;FUTUR MAMAN;;HAUT;SPORT;COL;UNI;VIDE;PULL;COTE POLYSTER;ESSENTIEL;MAILLE;REGULAR FIT;MUM;4230000724309;M;ROSE DE SABLE;34.900;;0.000
HIVER 2021;83211002;PULL GROSESSE;Pull de grosesse en maille.;Pull de grosesse à col rond ,manches longues  légèrement,fronce à l-tête de manches ,élastique sur les côtés,disponibles en plusieurs-couleurs.;PULL/SWEAT;FUTURE MAMAN;DAME;FUTUR MAMAN;;HAUT;SPORT;COL;UNI;VIDE;PULL;COTE POLYSTER;ESSENTIEL;MAILLE;REGULAR FIT;MUM;4230000708859;L;BEIGE;34.900;;1.000
HIVER 2021;83211002;PULL GROSESSE;Pull de grosesse en maille.;Pull de grosesse à col rond ,manches longues  légèrement,fronce à l-tête de manches ,élastique sur les côtés,disponibles en plusieurs-couleurs.;PULL/SWEAT;FUTURE MAMAN;DAME;FUTUR MAMAN;;HAUT;SPORT;COL;UNI;VIDE;PULL;COTE POLYSTER;ESSENTIEL;MAILLE;REGULAR FIT;MUM;4230000708934;L;BLEU CLAIRE;34.900;;0.000
HIVER 2021;83211002;PULL GROSESSE;Pull de grosesse en maille.;Pull de grosesse à col rond ,manches longues  légèrement,fronce à l-tête de manches ,élastique sur les côtés,disponibles en plusieurs-couleurs.;PULL/SWEAT;FUTURE MAMAN;DAME;FUTUR MAMAN;;HAUT;SPORT;COL;UNI;VIDE;PULL;COTE POLYSTER;ESSENTIEL;MAILLE;REGULAR FIT;MUM;4230000708774;L;OFF WHITE;34.900;;0.000
HIVER 2021;83211002;PULL GROSESSE;Pull de grosesse en maille.;Pull de grosesse à col rond ,manches longues  légèrement,fronce à l-tête de manches ,élastique sur les côtés,disponibles en plusieurs-couleurs.;PULL/SWEAT;FUTURE MAMAN;DAME;FUTUR MAMAN;;HAUT;SPORT;COL;UNI;VIDE;PULL;COTE POLYSTER;ESSENTIEL;MAILLE;REGULAR FIT;MUM;4230000724316;L;ROSE DE SABLE;34.900;;0.000
HIVER 2021;83211002;PULL GROSESSE;Pull de grosesse en maille.;Pull de grosesse à col rond ,manches longues  légèrement,fronce à l-tête de manches ,élastique sur les côtés,disponibles en plusieurs-couleurs.;PULL/SWEAT;FUTURE MAMAN;DAME;FUTUR MAMAN;;HAUT;SPORT;COL;UNI;VIDE;PULL;COTE POLYSTER;ESSENTIEL;MAILLE;REGULAR FIT;MUM;4230000708866;XL;BEIGE;34.900;;0.000
HIVER 2021;83211002;PULL GROSESSE;Pull de grosesse en maille.;Pull de grosesse à col rond ,manches longues  légèrement,fronce à l-tête de manches ,élastique sur les côtés,disponibles en plusieurs-couleurs.;PULL/SWEAT;FUTURE MAMAN;DAME;FUTUR MAMAN;;HAUT;SPORT;COL;UNI;VIDE;PULL;COTE POLYSTER;ESSENTIEL;MAILLE;REGULAR FIT;MUM;4230000708941;XL;BLEU CLAIRE;34.900;;0.000
HIVER 2021;83211002;PULL GROSESSE;Pull de grosesse en maille.;Pull de grosesse à col rond ,manches longues  légèrement,fronce à l-tête de manches ,élastique sur les côtés,disponibles en plusieurs-couleurs.;PULL/SWEAT;FUTURE MAMAN;DAME;FUTUR MAMAN;;HAUT;SPORT;COL;UNI;VIDE;PULL;COTE POLYSTER;ESSENTIEL;MAILLE;REGULAR FIT;MUM;4230000708781;XL;OFF WHITE;34.900;;0.000
HIVER 2021;83211002;PULL GROSESSE;Pull de grosesse en maille.;Pull de grosesse à col rond ,manches longues  légèrement,fronce à l-tête de manches ,élastique sur les côtés,disponibles en plusieurs-couleurs.;PULL/SWEAT;FUTURE MAMAN;DAME;FUTUR MAMAN;;HAUT;SPORT;COL;UNI;VIDE;PULL;COTE POLYSTER;ESSENTIEL;MAILLE;REGULAR FIT;MUM;4230000724323;XL;ROSE DE SABLE;34.900;;0.000
HIVER 2021;83211002;PULL GROSESSE;Pull de grosesse en maille.;Pull de grosesse à col rond ,manches longues  légèrement,fronce à l-tête de manches ,élastique sur les côtés,disponibles en plusieurs-couleurs.;PULL/SWEAT;FUTURE MAMAN;DAME;FUTUR MAMAN;;HAUT;SPORT;COL;UNI;VIDE;PULL;COTE POLYSTER;ESSENTIEL;MAILLE;REGULAR FIT;MUM;4230000708873;XXL;BEIGE;34.900;;0.000
HIVER 2021;83211002;PULL GROSESSE;Pull de grosesse en maille.;Pull de grosesse à col rond ,manches longues  légèrement,fronce à l-tête de manches ,élastique sur les côtés,disponibles en plusieurs-couleurs.;PULL/SWEAT;FUTURE MAMAN;DAME;FUTUR MAMAN;;HAUT;SPORT;COL;UNI;VIDE;PULL;COTE POLYSTER;ESSENTIEL;MAILLE;REGULAR FIT;MUM;4230000708958;XXL;BLEU CLAIRE;34.900;;0.000
HIVER 2021;83211002;PULL GROSESSE;Pull de grosesse en maille.;Pull de grosesse à col rond ,manches longues  légèrement,fronce à l-tête de manches ,élastique sur les côtés,disponibles en plusieurs-couleurs.;PULL/SWEAT;FUTURE MAMAN;DAME;FUTUR MAMAN;;HAUT;SPORT;COL;UNI;VIDE;PULL;COTE POLYSTER;ESSENTIEL;MAILLE;REGULAR FIT;MUM;4230000708798;XXL;OFF WHITE;34.900;;0.000
HIVER 2021;83211002;PULL GROSESSE;Pull de grosesse en maille.;Pull de grosesse à col rond ,manches longues  légèrement,fronce à l-tête de manches ,élastique sur les côtés,disponibles en plusieurs-couleurs.;PULL/SWEAT;FUTURE MAMAN;DAME;FUTUR MAMAN;;HAUT;SPORT;COL;UNI;VIDE;PULL;COTE POLYSTER;ESSENTIEL;MAILLE;REGULAR FIT;MUM;4230000724330;XXL;ROSE DE SABLE;34.900;;0.000
HIVER 2021;83211002;PULL GROSESSE;Pull de grosesse en maille.;Pull de grosesse à col rond ,manches longues  légèrement,fronce à l-tête de manches ,élastique sur les côtés,disponibles en plusieurs-couleurs.;PULL/SWEAT;FUTURE MAMAN;DAME;FUTUR MAMAN;;HAUT;SPORT;COL;UNI;VIDE;PULL;COTE POLYSTER;ESSENTIEL;MAILLE;REGULAR FIT;MUM;4230000708880;XXXL;BEIGE;34.900;;0.000
HIVER 2021;83211002;PULL GROSESSE;Pull de grosesse en maille.;Pull de grosesse à col rond ,manches longues  légèrement,fronce à l-tête de manches ,élastique sur les côtés,disponibles en plusieurs-couleurs.;PULL/SWEAT;FUTURE MAMAN;DAME;FUTUR MAMAN;;HAUT;SPORT;COL;UNI;VIDE;PULL;COTE POLYSTER;ESSENTIEL;MAILLE;REGULAR FIT;MUM;4230000708965;XXXL;BLEU CLAIRE;34.900;;0.000
HIVER 2021;83211002;PULL GROSESSE;Pull de grosesse en maille.;Pull de grosesse à col rond ,manches longues  légèrement,fronce à l-tête de manches ,élastique sur les côtés,disponibles en plusieurs-couleurs.;PULL/SWEAT;FUTURE MAMAN;DAME;FUTUR MAMAN;;HAUT;SPORT;COL;UNI;VIDE;PULL;COTE POLYSTER;ESSENTIEL;MAILLE;REGULAR FIT;MUM;4230000708804;XXXL;OFF WHITE;34.900;;0.000
HIVER 2021;83211002;PULL GROSESSE;Pull de grosesse en maille.;Pull de grosesse à col rond ,manches longues  légèrement,fronce à l-tête de manches ,élastique sur les côtés,disponibles en plusieurs-couleurs.;PULL/SWEAT;FUTURE MAMAN;DAME;FUTUR MAMAN;;HAUT;SPORT;COL;UNI;VIDE;PULL;COTE POLYSTER;ESSENTIEL;MAILLE;REGULAR FIT;MUM;4230000724347;XXXL;ROSE DE SABLE;34.900;;0.000
HIVER 2021;83211004;PULL GROSESSE;Pull de grosesse.;Pull de grosesse à col rond,manches raglans avec élastique en bas,-plis creux àl'avant disponible en plusieurs couleurs.-;PULL/SWEAT;FUTURE MAMAN;DAME;FUTUR MAMAN;;HAUT;SPORT;PLIS;UNI;VIDE;PULL;LUNO;ESSENTIEL;MAILLE;OVER-SIEZE;MUM;4230000728857;XXS;ROSE;34.900;;0.000
HIVER 2021;83211004;PULL GROSESSE;Pull de grosesse.;Pull de grosesse à col rond,manches raglans avec élastique en bas,-plis creux àl'avant disponible en plusieurs couleurs.-;PULL/SWEAT;FUTURE MAMAN;DAME;FUTUR MAMAN;;HAUT;SPORT;PLIS;UNI;VIDE;PULL;LUNO;ESSENTIEL;MAILLE;OVER-SIEZE;MUM;4230000728772;XXS;NOIR;34.900;;0.000
HIVER 2021;83211004;PULL GROSESSE;Pull de grosesse.;Pull de grosesse à col rond,manches raglans avec élastique en bas,-plis creux àl'avant disponible en plusieurs couleurs.-;PULL/SWEAT;FUTURE MAMAN;DAME;FUTUR MAMAN;;HAUT;SPORT;PLIS;UNI;VIDE;PULL;LUNO;ESSENTIEL;MAILLE;OVER-SIEZE;MUM;4230000728697;XXS;BEIGE;34.900;;0.000
HIVER 2021;83211004;PULL GROSESSE;Pull de grosesse.;Pull de grosesse à col rond,manches raglans avec élastique en bas,-plis creux àl'avant disponible en plusieurs couleurs.-;PULL/SWEAT;FUTURE MAMAN;DAME;FUTUR MAMAN;;HAUT;SPORT;PLIS;UNI;VIDE;PULL;LUNO;ESSENTIEL;MAILLE;OVER-SIEZE;MUM;4230000728864;XS;ROSE;34.900;;0.000
HIVER 2021;83211004;PULL GROSESSE;Pull de grosesse.;Pull de grosesse à col rond,manches raglans avec élastique en bas,-plis creux àl'avant disponible en plusieurs couleurs.-;PULL/SWEAT;FUTURE MAMAN;DAME;FUTUR MAMAN;;HAUT;SPORT;PLIS;UNI;VIDE;PULL;LUNO;ESSENTIEL;MAILLE;OVER-SIEZE;MUM;4230000728789;XS;NOIR;34.900;;0.000
HIVER 2021;83211004;PULL GROSESSE;Pull de grosesse.;Pull de grosesse à col rond,manches raglans avec élastique en bas,-plis creux àl'avant disponible en plusieurs couleurs.-;PULL/SWEAT;FUTURE MAMAN;DAME;FUTUR MAMAN;;HAUT;SPORT;PLIS;UNI;VIDE;PULL;LUNO;ESSENTIEL;MAILLE;OVER-SIEZE;MUM;4230000728703;XS;BEIGE;34.900;;0.000
HIVER 2021;83211004;PULL GROSESSE;Pull de grosesse.;Pull de grosesse à col rond,manches raglans avec élastique en bas,-plis creux àl'avant disponible en plusieurs couleurs.-;PULL/SWEAT;FUTURE MAMAN;DAME;FUTUR MAMAN;;HAUT;SPORT;PLIS;UNI;VIDE;PULL;LUNO;ESSENTIEL;MAILLE;OVER-SIEZE;MUM;4230000728871;S;ROSE;34.900;;-1.000
HIVER 2021;83211004;PULL GROSESSE;Pull de grosesse.;Pull de grosesse à col rond,manches raglans avec élastique en bas,-plis creux àl'avant disponible en plusieurs couleurs.-;PULL/SWEAT;FUTURE MAMAN;DAME;FUTUR MAMAN;;HAUT;SPORT;PLIS;UNI;VIDE;PULL;LUNO;ESSENTIEL;MAILLE;OVER-SIEZE;MUM;4230000728796;S;NOIR;34.900;;-1.000
HIVER 2021;83211004;PULL GROSESSE;Pull de grosesse.;Pull de grosesse à col rond,manches raglans avec élastique en bas,-plis creux àl'avant disponible en plusieurs couleurs.-;PULL/SWEAT;FUTURE MAMAN;DAME;FUTUR MAMAN;;HAUT;SPORT;PLIS;UNI;VIDE;PULL;LUNO;ESSENTIEL;MAILLE;OVER-SIEZE;MUM;4230000728710;S;BEIGE;34.900;;-1.000
HIVER 2021;83211004;PULL GROSESSE;Pull de grosesse.;Pull de grosesse à col rond,manches raglans avec élastique en bas,-plis creux àl'avant disponible en plusieurs couleurs.-;PULL/SWEAT;FUTURE MAMAN;DAME;FUTUR MAMAN;;HAUT;SPORT;PLIS;UNI;VIDE;PULL;LUNO;ESSENTIEL;MAILLE;OVER-SIEZE;MUM;4230000728888;M;ROSE;34.900;;0.000
HIVER 2021;83211004;PULL GROSESSE;Pull de grosesse.;Pull de grosesse à col rond,manches raglans avec élastique en bas,-plis creux àl'avant disponible en plusieurs couleurs.-;PULL/SWEAT;FUTURE MAMAN;DAME;FUTUR MAMAN;;HAUT;SPORT;PLIS;UNI;VIDE;PULL;LUNO;ESSENTIEL;MAILLE;OVER-SIEZE;MUM;4230000728802;M;NOIR;34.900;;0.000
HIVER 2021;83211004;PULL GROSESSE;Pull de grosesse.;Pull de grosesse à col rond,manches raglans avec élastique en bas,-plis creux àl'avant disponible en plusieurs couleurs.-;PULL/SWEAT;FUTURE MAMAN;DAME;FUTUR MAMAN;;HAUT;SPORT;PLIS;UNI;VIDE;PULL;LUNO;ESSENTIEL;MAILLE;OVER-SIEZE;MUM;4230000728727;M;BEIGE;34.900;;0.000
HIVER 2021;83211004;PULL GROSESSE;Pull de grosesse.;Pull de grosesse à col rond,manches raglans avec élastique en bas,-plis creux àl'avant disponible en plusieurs couleurs.-;PULL/SWEAT;FUTURE MAMAN;DAME;FUTUR MAMAN;;HAUT;SPORT;PLIS;UNI;VIDE;PULL;LUNO;ESSENTIEL;MAILLE;OVER-SIEZE;MUM;4230000728895;L;ROSE;34.900;;0.000
HIVER 2021;83211004;PULL GROSESSE;Pull de grosesse.;Pull de grosesse à col rond,manches raglans avec élastique en bas,-plis creux àl'avant disponible en plusieurs couleurs.-;PULL/SWEAT;FUTURE MAMAN;DAME;FUTUR MAMAN;;HAUT;SPORT;PLIS;UNI;VIDE;PULL;LUNO;ESSENTIEL;MAILLE;OVER-SIEZE;MUM;4230000728819;L;NOIR;34.900;;0.000
HIVER 2021;83211004;PULL GROSESSE;Pull de grosesse.;Pull de grosesse à col rond,manches raglans avec élastique en bas,-plis creux àl'avant disponible en plusieurs couleurs.-;PULL/SWEAT;FUTURE MAMAN;DAME;FUTUR MAMAN;;HAUT;SPORT;PLIS;UNI;VIDE;PULL;LUNO;ESSENTIEL;MAILLE;OVER-SIEZE;MUM;4230000728734;L;BEIGE;34.900;;0.000
HIVER 2021;83211004;PULL GROSESSE;Pull de grosesse.;Pull de grosesse à col rond,manches raglans avec élastique en bas,-plis creux àl'avant disponible en plusieurs couleurs.-;PULL/SWEAT;FUTURE MAMAN;DAME;FUTUR MAMAN;;HAUT;SPORT;PLIS;UNI;VIDE;PULL;LUNO;ESSENTIEL;MAILLE;OVER-SIEZE;MUM;4230000728901;XL;ROSE;34.900;;0.000
HIVER 2021;83211004;PULL GROSESSE;Pull de grosesse.;Pull de grosesse à col rond,manches raglans avec élastique en bas,-plis creux àl'avant disponible en plusieurs couleurs.-;PULL/SWEAT;FUTURE MAMAN;DAME;FUTUR MAMAN;;HAUT;SPORT;PLIS;UNI;VIDE;PULL;LUNO;ESSENTIEL;MAILLE;OVER-SIEZE;MUM;4230000728826;XL;NOIR;34.900;;0.000
HIVER 2021;83211004;PULL GROSESSE;Pull de grosesse.;Pull de grosesse à col rond,manches raglans avec élastique en bas,-plis creux àl'avant disponible en plusieurs couleurs.-;PULL/SWEAT;FUTURE MAMAN;DAME;FUTUR MAMAN;;HAUT;SPORT;PLIS;UNI;VIDE;PULL;LUNO;ESSENTIEL;MAILLE;OVER-SIEZE;MUM;4230000728741;XL;BEIGE;34.900;;0.000
HIVER 2021;83211004;PULL GROSESSE;Pull de grosesse.;Pull de grosesse à col rond,manches raglans avec élastique en bas,-plis creux àl'avant disponible en plusieurs couleurs.-;PULL/SWEAT;FUTURE MAMAN;DAME;FUTUR MAMAN;;HAUT;SPORT;PLIS;UNI;VIDE;PULL;LUNO;ESSENTIEL;MAILLE;OVER-SIEZE;MUM;4230000728918;XXL;ROSE;34.900;;0.000
HIVER 2021;83211004;PULL GROSESSE;Pull de grosesse.;Pull de grosesse à col rond,manches raglans avec élastique en bas,-plis creux àl'avant disponible en plusieurs couleurs.-;PULL/SWEAT;FUTURE MAMAN;DAME;FUTUR MAMAN;;HAUT;SPORT;PLIS;UNI;VIDE;PULL;LUNO;ESSENTIEL;MAILLE;OVER-SIEZE;MUM;4230000728833;XXL;NOIR;34.900;;0.000
HIVER 2021;83211004;PULL GROSESSE;Pull de grosesse.;Pull de grosesse à col rond,manches raglans avec élastique en bas,-plis creux àl'avant disponible en plusieurs couleurs.-;PULL/SWEAT;FUTURE MAMAN;DAME;FUTUR MAMAN;;HAUT;SPORT;PLIS;UNI;VIDE;PULL;LUNO;ESSENTIEL;MAILLE;OVER-SIEZE;MUM;4230000728758;XXL;BEIGE;34.900;;0.000
HIVER 2021;83211004;PULL GROSESSE;Pull de grosesse.;Pull de grosesse à col rond,manches raglans avec élastique en bas,-plis creux àl'avant disponible en plusieurs couleurs.-;PULL/SWEAT;FUTURE MAMAN;DAME;FUTUR MAMAN;;HAUT;SPORT;PLIS;UNI;VIDE;PULL;LUNO;ESSENTIEL;MAILLE;OVER-SIEZE;MUM;4230000728925;XXXL;ROSE;34.900;;0.000
HIVER 2021;83211004;PULL GROSESSE;Pull de grosesse.;Pull de grosesse à col rond,manches raglans avec élastique en bas,-plis creux àl'avant disponible en plusieurs couleurs.-;PULL/SWEAT;FUTURE MAMAN;DAME;FUTUR MAMAN;;HAUT;SPORT;PLIS;UNI;VIDE;PULL;LUNO;ESSENTIEL;MAILLE;OVER-SIEZE;MUM;4230000728840;XXXL;NOIR;34.900;;0.000
HIVER 2021;83211004;PULL GROSESSE;Pull de grosesse.;Pull de grosesse à col rond,manches raglans avec élastique en bas,-plis creux àl'avant disponible en plusieurs couleurs.-;PULL/SWEAT;FUTURE MAMAN;DAME;FUTUR MAMAN;;HAUT;SPORT;PLIS;UNI;VIDE;PULL;LUNO;ESSENTIEL;MAILLE;OVER-SIEZE;MUM;4230000728765;XXXL;BEIGE;34.900;;0.000
HIVER 2021;83211901;PULL GROSESSE;Pull de grosesse en laine jacquard.;Pull en laine à col rond jacquard manches longues raglantes,-élastique sur les côtés et ceinture à la taille.-;PULL/SWEAT;FUTURE MAMAN;DAME;FUTUR MAMAN;;HAUT;SPORT;JACQUARD;JACQUARD;VIDE;PULL;;ESSENTIEL;LAINE;REGULAR FIT;MUM;4230000745199;XXS;GRIS CHINE;64.900;;0.000
HIVER 2021;83211901;PULL GROSESSE;Pull de grosesse en laine jacquard.;Pull en laine à col rond jacquard manches longues raglantes,-élastique sur les côtés et ceinture à la taille.-;PULL/SWEAT;FUTURE MAMAN;DAME;FUTUR MAMAN;;HAUT;SPORT;JACQUARD;JACQUARD;VIDE;PULL;;ESSENTIEL;LAINE;REGULAR FIT;MUM;4230000745205;XS;GRIS CHINE;64.900;;0.000
HIVER 2021;83211901;PULL GROSESSE;Pull de grosesse en laine jacquard.;Pull en laine à col rond jacquard manches longues raglantes,-élastique sur les côtés et ceinture à la taille.-;PULL/SWEAT;FUTURE MAMAN;DAME;FUTUR MAMAN;;HAUT;SPORT;JACQUARD;JACQUARD;VIDE;PULL;;ESSENTIEL;LAINE;REGULAR FIT;MUM;4230000745212;S;GRIS CHINE;64.900;;0.000
HIVER 2021;83211901;PULL GROSESSE;Pull de grosesse en laine jacquard.;Pull en laine à col rond jacquard manches longues raglantes,-élastique sur les côtés et ceinture à la taille.-;PULL/SWEAT;FUTURE MAMAN;DAME;FUTUR MAMAN;;HAUT;SPORT;JACQUARD;JACQUARD;VIDE;PULL;;ESSENTIEL;LAINE;REGULAR FIT;MUM;4230000745229;M;GRIS CHINE;64.900;;0.000
HIVER 2021;83211901;PULL GROSESSE;Pull de grosesse en laine jacquard.;Pull en laine à col rond jacquard manches longues raglantes,-élastique sur les côtés et ceinture à la taille.-;PULL/SWEAT;FUTURE MAMAN;DAME;FUTUR MAMAN;;HAUT;SPORT;JACQUARD;JACQUARD;VIDE;PULL;;ESSENTIEL;LAINE;REGULAR FIT;MUM;4230000745236;L;GRIS CHINE;64.900;;0.000
HIVER 2021;83211901;PULL GROSESSE;Pull de grosesse en laine jacquard.;Pull en laine à col rond jacquard manches longues raglantes,-élastique sur les côtés et ceinture à la taille.-;PULL/SWEAT;FUTURE MAMAN;DAME;FUTUR MAMAN;;HAUT;SPORT;JACQUARD;JACQUARD;VIDE;PULL;;ESSENTIEL;LAINE;REGULAR FIT;MUM;4230000745243;XL;GRIS CHINE;64.900;;0.000
HIVER 2021;83211901;PULL GROSESSE;Pull de grosesse en laine jacquard.;Pull en laine à col rond jacquard manches longues raglantes,-élastique sur les côtés et ceinture à la taille.-;PULL/SWEAT;FUTURE MAMAN;DAME;FUTUR MAMAN;;HAUT;SPORT;JACQUARD;JACQUARD;VIDE;PULL;;ESSENTIEL;LAINE;REGULAR FIT;MUM;4230000745250;XXL;GRIS CHINE;64.900;;0.000
HIVER 2021;83211901;PULL GROSESSE;Pull de grosesse en laine jacquard.;Pull en laine à col rond jacquard manches longues raglantes,-élastique sur les côtés et ceinture à la taille.-;PULL/SWEAT;FUTURE MAMAN;DAME;FUTUR MAMAN;;HAUT;SPORT;JACQUARD;JACQUARD;VIDE;PULL;;ESSENTIEL;LAINE;REGULAR FIT;MUM;4230000745267;XXXL;GRIS CHINE;64.900;;0.000
HIVER 2021;83213001;CAPE FEMME;Cape imprimée à carreaux.;Cape oversize à carreaux avec capuche ,deux poches passepoiles à-l'avant et fermés par bouton.-;VESTE;FUTURE MAMAN;DAME;FUTUR MAMAN;;OUTWEAR;SPORT;CAPPUCHE;UNI;VIDE;CAP;FLANEL;ESSENTIEL;CHAINE ET TRAME;OVER-SIEZE;MUM;4230000719053;XXS;NOIR/BEIGE/OFF WHITE;100.960;;0.000
HIVER 2021;83213001;CAPE FEMME;Cape imprimée à carreaux.;Cape oversize à carreaux avec capuche ,deux poches passepoiles à-l'avant et fermés par bouton.-;VESTE;FUTURE MAMAN;DAME;FUTUR MAMAN;;OUTWEAR;SPORT;CAPPUCHE;UNI;VIDE;CAP;FLANEL;ESSENTIEL;CHAINE ET TRAME;OVER-SIEZE;MUM;4230000719060;XS;NOIR/BEIGE/OFF WHITE;100.960;;0.000
HIVER 2021;83213001;CAPE FEMME;Cape imprimée à carreaux.;Cape oversize à carreaux avec capuche ,deux poches passepoiles à-l'avant et fermés par bouton.-;VESTE;FUTURE MAMAN;DAME;FUTUR MAMAN;;OUTWEAR;SPORT;CAPPUCHE;UNI;VIDE;CAP;FLANEL;ESSENTIEL;CHAINE ET TRAME;OVER-SIEZE;MUM;4230000719077;S;NOIR/BEIGE/OFF WHITE;79.900;;-1.000
HIVER 2021;83213001;CAPE FEMME;Cape imprimée à carreaux.;Cape oversize à carreaux avec capuche ,deux poches passepoiles à-l'avant et fermés par bouton.-;VESTE;FUTURE MAMAN;DAME;FUTUR MAMAN;;OUTWEAR;SPORT;CAPPUCHE;UNI;VIDE;CAP;FLANEL;ESSENTIEL;CHAINE ET TRAME;OVER-SIEZE;MUM;4230000719084;M;NOIR/BEIGE/OFF WHITE;79.900;;0.000
HIVER 2021;83213001;CAPE FEMME;Cape imprimée à carreaux.;Cape oversize à carreaux avec capuche ,deux poches passepoiles à-l'avant et fermés par bouton.-;VESTE;FUTURE MAMAN;DAME;FUTUR MAMAN;;OUTWEAR;SPORT;CAPPUCHE;UNI;VIDE;CAP;FLANEL;ESSENTIEL;CHAINE ET TRAME;OVER-SIEZE;MUM;4230000719091;L;NOIR/BEIGE/OFF WHITE;79.900;;0.000
HIVER 2021;83213001;CAPE FEMME;Cape imprimée à carreaux.;Cape oversize à carreaux avec capuche ,deux poches passepoiles à-l'avant et fermés par bouton.-;VESTE;FUTURE MAMAN;DAME;FUTUR MAMAN;;OUTWEAR;SPORT;CAPPUCHE;UNI;VIDE;CAP;FLANEL;ESSENTIEL;CHAINE ET TRAME;OVER-SIEZE;MUM;4230000719107;XL;NOIR/BEIGE/OFF WHITE;100.960;;0.000
HIVER 2021;83213001;CAPE FEMME;Cape imprimée à carreaux.;Cape oversize à carreaux avec capuche ,deux poches passepoiles à-l'avant et fermés par bouton.-;VESTE;FUTURE MAMAN;DAME;FUTUR MAMAN;;OUTWEAR;SPORT;CAPPUCHE;UNI;VIDE;CAP;FLANEL;ESSENTIEL;CHAINE ET TRAME;OVER-SIEZE;MUM;4230000719114;XXL;NOIR/BEIGE/OFF WHITE;100.671;;0.000
HIVER 2021;83213001;CAPE FEMME;Cape imprimée à carreaux.;Cape oversize à carreaux avec capuche ,deux poches passepoiles à-l'avant et fermés par bouton.-;VESTE;FUTURE MAMAN;DAME;FUTUR MAMAN;;OUTWEAR;SPORT;CAPPUCHE;UNI;VIDE;CAP;FLANEL;ESSENTIEL;CHAINE ET TRAME;OVER-SIEZE;MUM;4230000719121;XXXL;NOIR/BEIGE/OFF WHITE;100.960;;0.000
HIVER 2021;83213901;GILET GROSESSE;Gilet en laine avec ceinture.;Gilet mi-long en laine à des manches kimono 3/4,col avec revers,et-serré à la taille avec ceinture.-;CARDIGANS;FUTURE MAMAN;DAME;FUTUR MAMAN;;HAUT;SPORT;REVERT;UNI;VIDE;GILET;ACRYLIQUE;ESSENTIEL;LAINE;REGULAR FIT;MUM;4230000724118;XXS;BLEU MARINE;69.900;;0.000
HIVER 2021;83213901;GILET GROSESSE;Gilet en laine avec ceinture.;Gilet mi-long en laine à des manches kimono 3/4,col avec revers,et-serré à la taille avec ceinture.-;CARDIGANS;FUTURE MAMAN;DAME;FUTUR MAMAN;;HAUT;SPORT;REVERT;UNI;VIDE;GILET;ACRYLIQUE;ESSENTIEL;LAINE;REGULAR FIT;MUM;4230000724194;XXS;GRIS;69.900;;0.000
HIVER 2021;83213901;GILET GROSESSE;Gilet en laine avec ceinture.;Gilet mi-long en laine à des manches kimono 3/4,col avec revers,et-serré à la taille avec ceinture.-;CARDIGANS;FUTURE MAMAN;DAME;FUTUR MAMAN;;HAUT;SPORT;REVERT;UNI;VIDE;GILET;ACRYLIQUE;ESSENTIEL;LAINE;REGULAR FIT;MUM;4230000724125;XS;BLEU MARINE;69.900;;0.000
HIVER 2021;83213901;GILET GROSESSE;Gilet en laine avec ceinture.;Gilet mi-long en laine à des manches kimono 3/4,col avec revers,et-serré à la taille avec ceinture.-;CARDIGANS;FUTURE MAMAN;DAME;FUTUR MAMAN;;HAUT;SPORT;REVERT;UNI;VIDE;GILET;ACRYLIQUE;ESSENTIEL;LAINE;REGULAR FIT;MUM;4230000724200;XS;GRIS;69.900;;0.000
HIVER 2021;83213901;GILET GROSESSE;Gilet en laine avec ceinture.;Gilet mi-long en laine à des manches kimono 3/4,col avec revers,et-serré à la taille avec ceinture.-;CARDIGANS;FUTURE MAMAN;DAME;FUTUR MAMAN;;HAUT;SPORT;REVERT;UNI;VIDE;GILET;ACRYLIQUE;ESSENTIEL;LAINE;REGULAR FIT;MUM;4230000724132;S;BLEU MARINE;69.900;;0.000
HIVER 2021;83213901;GILET GROSESSE;Gilet en laine avec ceinture.;Gilet mi-long en laine à des manches kimono 3/4,col avec revers,et-serré à la taille avec ceinture.-;CARDIGANS;FUTURE MAMAN;DAME;FUTUR MAMAN;;HAUT;SPORT;REVERT;UNI;VIDE;GILET;ACRYLIQUE;ESSENTIEL;LAINE;REGULAR FIT;MUM;4230000724217;S;GRIS;69.900;;0.000
HIVER 2021;83213901;GILET GROSESSE;Gilet en laine avec ceinture.;Gilet mi-long en laine à des manches kimono 3/4,col avec revers,et-serré à la taille avec ceinture.-;CARDIGANS;FUTURE MAMAN;DAME;FUTUR MAMAN;;HAUT;SPORT;REVERT;UNI;VIDE;GILET;ACRYLIQUE;ESSENTIEL;LAINE;REGULAR FIT;MUM;4230000724149;M;BLEU MARINE;69.900;;0.000
HIVER 2021;83213901;GILET GROSESSE;Gilet en laine avec ceinture.;Gilet mi-long en laine à des manches kimono 3/4,col avec revers,et-serré à la taille avec ceinture.-;CARDIGANS;FUTURE MAMAN;DAME;FUTUR MAMAN;;HAUT;SPORT;REVERT;UNI;VIDE;GILET;ACRYLIQUE;ESSENTIEL;LAINE;REGULAR FIT;MUM;4230000724224;M;GRIS;69.900;;0.000
HIVER 2021;83213901;GILET GROSESSE;Gilet en laine avec ceinture.;Gilet mi-long en laine à des manches kimono 3/4,col avec revers,et-serré à la taille avec ceinture.-;CARDIGANS;FUTURE MAMAN;DAME;FUTUR MAMAN;;HAUT;SPORT;REVERT;UNI;VIDE;GILET;ACRYLIQUE;ESSENTIEL;LAINE;REGULAR FIT;MUM;4230000724156;L;BLEU MARINE;69.900;;0.000
HIVER 2021;83213901;GILET GROSESSE;Gilet en laine avec ceinture.;Gilet mi-long en laine à des manches kimono 3/4,col avec revers,et-serré à la taille avec ceinture.-;CARDIGANS;FUTURE MAMAN;DAME;FUTUR MAMAN;;HAUT;SPORT;REVERT;UNI;VIDE;GILET;ACRYLIQUE;ESSENTIEL;LAINE;REGULAR FIT;MUM;4230000724231;L;GRIS;69.900;;0.000
HIVER 2021;83213901;GILET GROSESSE;Gilet en laine avec ceinture.;Gilet mi-long en laine à des manches kimono 3/4,col avec revers,et-serré à la taille avec ceinture.-;CARDIGANS;FUTURE MAMAN;DAME;FUTUR MAMAN;;HAUT;SPORT;REVERT;UNI;VIDE;GILET;ACRYLIQUE;ESSENTIEL;LAINE;REGULAR FIT;MUM;4230000724163;XL;BLEU MARINE;69.900;;0.000
HIVER 2021;83213901;GILET GROSESSE;Gilet en laine avec ceinture.;Gilet mi-long en laine à des manches kimono 3/4,col avec revers,et-serré à la taille avec ceinture.-;CARDIGANS;FUTURE MAMAN;DAME;FUTUR MAMAN;;HAUT;SPORT;REVERT;UNI;VIDE;GILET;ACRYLIQUE;ESSENTIEL;LAINE;REGULAR FIT;MUM;4230000724248;XL;GRIS;69.900;;0.000
HIVER 2021;83213901;GILET GROSESSE;Gilet en laine avec ceinture.;Gilet mi-long en laine à des manches kimono 3/4,col avec revers,et-serré à la taille avec ceinture.-;CARDIGANS;FUTURE MAMAN;DAME;FUTUR MAMAN;;HAUT;SPORT;REVERT;UNI;VIDE;GILET;ACRYLIQUE;ESSENTIEL;LAINE;REGULAR FIT;MUM;4230000724170;XXL;BLEU MARINE;69.900;;0.000
HIVER 2021;83213901;GILET GROSESSE;Gilet en laine avec ceinture.;Gilet mi-long en laine à des manches kimono 3/4,col avec revers,et-serré à la taille avec ceinture.-;CARDIGANS;FUTURE MAMAN;DAME;FUTUR MAMAN;;HAUT;SPORT;REVERT;UNI;VIDE;GILET;ACRYLIQUE;ESSENTIEL;LAINE;REGULAR FIT;MUM;4230000724255;XXL;GRIS;69.900;;0.000
HIVER 2021;83213901;GILET GROSESSE;Gilet en laine avec ceinture.;Gilet mi-long en laine à des manches kimono 3/4,col avec revers,et-serré à la taille avec ceinture.-;CARDIGANS;FUTURE MAMAN;DAME;FUTUR MAMAN;;HAUT;SPORT;REVERT;UNI;VIDE;GILET;ACRYLIQUE;ESSENTIEL;LAINE;REGULAR FIT;MUM;4230000724187;XXXL;BLEU MARINE;69.900;;0.000
HIVER 2021;83213901;GILET GROSESSE;Gilet en laine avec ceinture.;Gilet mi-long en laine à des manches kimono 3/4,col avec revers,et-serré à la taille avec ceinture.-;CARDIGANS;FUTURE MAMAN;DAME;FUTUR MAMAN;;HAUT;SPORT;REVERT;UNI;VIDE;GILET;ACRYLIQUE;ESSENTIEL;LAINE;REGULAR FIT;MUM;4230000724262;XXXL;GRIS;69.900;;0.000
HIVER 2021;83214001;ROBE GROSESSE;Robe de grosesse.;Robe à col v , manches longues évasées en bas avec lacet à la taill-disponibles en deux couleurs.-;ROBE;FUTURE MAMAN;DAME;FUTUR MAMAN;;LOOK TOTAL;SPORT;MANCHE;UNI;VIDE;ROBE;;ESSENTIEL;MAILLE;MIDI;MUM;4230000709139;XXS;MARRON;54.900;;0.000
HIVER 2021;83214001;ROBE GROSESSE;Robe de grosesse.;Robe à col v , manches longues évasées en bas avec lacet à la taill-disponibles en deux couleurs.-;ROBE;FUTURE MAMAN;DAME;FUTUR MAMAN;;LOOK TOTAL;SPORT;MANCHE;UNI;VIDE;ROBE;;ESSENTIEL;MAILLE;MIDI;MUM;4230000709214;XXS;NOIR;54.900;;0.000
HIVER 2021;83214001;ROBE GROSESSE;Robe de grosesse.;Robe à col v , manches longues évasées en bas avec lacet à la taill-disponibles en deux couleurs.-;ROBE;FUTURE MAMAN;DAME;FUTUR MAMAN;;LOOK TOTAL;SPORT;MANCHE;UNI;VIDE;ROBE;;ESSENTIEL;MAILLE;MIDI;MUM;4230000764015;XXS;VIOLET FONCE;54.900;;0.000
HIVER 2021;83214001;ROBE GROSESSE;Robe de grosesse.;Robe à col v , manches longues évasées en bas avec lacet à la taill-disponibles en deux couleurs.-;ROBE;FUTURE MAMAN;DAME;FUTUR MAMAN;;LOOK TOTAL;SPORT;MANCHE;UNI;VIDE;ROBE;;ESSENTIEL;MAILLE;MIDI;MUM;4230000709146;XS;MARRON;54.900;;0.000
HIVER 2021;83214001;ROBE GROSESSE;Robe de grosesse.;Robe à col v , manches longues évasées en bas avec lacet à la taill-disponibles en deux couleurs.-;ROBE;FUTURE MAMAN;DAME;FUTUR MAMAN;;LOOK TOTAL;SPORT;MANCHE;UNI;VIDE;ROBE;;ESSENTIEL;MAILLE;MIDI;MUM;4230000709221;XS;NOIR;54.900;;0.000
HIVER 2021;83214001;ROBE GROSESSE;Robe de grosesse.;Robe à col v , manches longues évasées en bas avec lacet à la taill-disponibles en deux couleurs.-;ROBE;FUTURE MAMAN;DAME;FUTUR MAMAN;;LOOK TOTAL;SPORT;MANCHE;UNI;VIDE;ROBE;;ESSENTIEL;MAILLE;MIDI;MUM;4230000764022;XS;VIOLET FONCE;54.900;;0.000
HIVER 2021;83214001;ROBE GROSESSE;Robe de grosesse.;Robe à col v , manches longues évasées en bas avec lacet à la taill-disponibles en deux couleurs.-;ROBE;FUTURE MAMAN;DAME;FUTUR MAMAN;;LOOK TOTAL;SPORT;MANCHE;UNI;VIDE;ROBE;;ESSENTIEL;MAILLE;MIDI;MUM;4230000709153;S;MARRON;54.900;;0.000
HIVER 2021;83214001;ROBE GROSESSE;Robe de grosesse.;Robe à col v , manches longues évasées en bas avec lacet à la taill-disponibles en deux couleurs.-;ROBE;FUTURE MAMAN;DAME;FUTUR MAMAN;;LOOK TOTAL;SPORT;MANCHE;UNI;VIDE;ROBE;;ESSENTIEL;MAILLE;MIDI;MUM;4230000709238;S;NOIR;54.900;;0.000
HIVER 2021;83214001;ROBE GROSESSE;Robe de grosesse.;Robe à col v , manches longues évasées en bas avec lacet à la taill-disponibles en deux couleurs.-;ROBE;FUTURE MAMAN;DAME;FUTUR MAMAN;;LOOK TOTAL;SPORT;MANCHE;UNI;VIDE;ROBE;;ESSENTIEL;MAILLE;MIDI;MUM;4230000764039;S;VIOLET FONCE;54.900;;0.000
HIVER 2021;83214001;ROBE GROSESSE;Robe de grosesse.;Robe à col v , manches longues évasées en bas avec lacet à la taill-disponibles en deux couleurs.-;ROBE;FUTURE MAMAN;DAME;FUTUR MAMAN;;LOOK TOTAL;SPORT;MANCHE;UNI;VIDE;ROBE;;ESSENTIEL;MAILLE;MIDI;MUM;4230000709160;M;MARRON;54.900;;0.000
HIVER 2021;83214001;ROBE GROSESSE;Robe de grosesse.;Robe à col v , manches longues évasées en bas avec lacet à la taill-disponibles en deux couleurs.-;ROBE;FUTURE MAMAN;DAME;FUTUR MAMAN;;LOOK TOTAL;SPORT;MANCHE;UNI;VIDE;ROBE;;ESSENTIEL;MAILLE;MIDI;MUM;4230000709245;M;NOIR;54.900;;0.000
HIVER 2021;83214001;ROBE GROSESSE;Robe de grosesse.;Robe à col v , manches longues évasées en bas avec lacet à la taill-disponibles en deux couleurs.-;ROBE;FUTURE MAMAN;DAME;FUTUR MAMAN;;LOOK TOTAL;SPORT;MANCHE;UNI;VIDE;ROBE;;ESSENTIEL;MAILLE;MIDI;MUM;4230000764046;M;VIOLET FONCE;54.900;;0.000
HIVER 2021;83214001;ROBE GROSESSE;Robe de grosesse.;Robe à col v , manches longues évasées en bas avec lacet à la taill-disponibles en deux couleurs.-;ROBE;FUTURE MAMAN;DAME;FUTUR MAMAN;;LOOK TOTAL;SPORT;MANCHE;UNI;VIDE;ROBE;;ESSENTIEL;MAILLE;MIDI;MUM;4230000709177;L;MARRON;54.900;;0.000
HIVER 2021;83214001;ROBE GROSESSE;Robe de grosesse.;Robe à col v , manches longues évasées en bas avec lacet à la taill-disponibles en deux couleurs.-;ROBE;FUTURE MAMAN;DAME;FUTUR MAMAN;;LOOK TOTAL;SPORT;MANCHE;UNI;VIDE;ROBE;;ESSENTIEL;MAILLE;MIDI;MUM;4230000709252;L;NOIR;54.900;;0.000
HIVER 2021;83214001;ROBE GROSESSE;Robe de grosesse.;Robe à col v , manches longues évasées en bas avec lacet à la taill-disponibles en deux couleurs.-;ROBE;FUTURE MAMAN;DAME;FUTUR MAMAN;;LOOK TOTAL;SPORT;MANCHE;UNI;VIDE;ROBE;;ESSENTIEL;MAILLE;MIDI;MUM;4230000764053;L;VIOLET FONCE;54.900;;0.000
HIVER 2021;83214001;ROBE GROSESSE;Robe de grosesse.;Robe à col v , manches longues évasées en bas avec lacet à la taill-disponibles en deux couleurs.-;ROBE;FUTURE MAMAN;DAME;FUTUR MAMAN;;LOOK TOTAL;SPORT;MANCHE;UNI;VIDE;ROBE;;ESSENTIEL;MAILLE;MIDI;MUM;4230000709184;XL;MARRON;54.900;;0.000
HIVER 2021;83214001;ROBE GROSESSE;Robe de grosesse.;Robe à col v , manches longues évasées en bas avec lacet à la taill-disponibles en deux couleurs.-;ROBE;FUTURE MAMAN;DAME;FUTUR MAMAN;;LOOK TOTAL;SPORT;MANCHE;UNI;VIDE;ROBE;;ESSENTIEL;MAILLE;MIDI;MUM;4230000709269;XL;NOIR;54.900;;0.000
HIVER 2021;83214001;ROBE GROSESSE;Robe de grosesse.;Robe à col v , manches longues évasées en bas avec lacet à la taill-disponibles en deux couleurs.-;ROBE;FUTURE MAMAN;DAME;FUTUR MAMAN;;LOOK TOTAL;SPORT;MANCHE;UNI;VIDE;ROBE;;ESSENTIEL;MAILLE;MIDI;MUM;4230000764060;XL;VIOLET FONCE;54.900;;0.000
HIVER 2021;83214001;ROBE GROSESSE;Robe de grosesse.;Robe à col v , manches longues évasées en bas avec lacet à la taill-disponibles en deux couleurs.-;ROBE;FUTURE MAMAN;DAME;FUTUR MAMAN;;LOOK TOTAL;SPORT;MANCHE;UNI;VIDE;ROBE;;ESSENTIEL;MAILLE;MIDI;MUM;4230000709191;XXL;MARRON;54.900;;0.000
HIVER 2021;83214001;ROBE GROSESSE;Robe de grosesse.;Robe à col v , manches longues évasées en bas avec lacet à la taill-disponibles en deux couleurs.-;ROBE;FUTURE MAMAN;DAME;FUTUR MAMAN;;LOOK TOTAL;SPORT;MANCHE;UNI;VIDE;ROBE;;ESSENTIEL;MAILLE;MIDI;MUM;4230000709276;XXL;NOIR;54.900;;0.000
HIVER 2021;83214001;ROBE GROSESSE;Robe de grosesse.;Robe à col v , manches longues évasées en bas avec lacet à la taill-disponibles en deux couleurs.-;ROBE;FUTURE MAMAN;DAME;FUTUR MAMAN;;LOOK TOTAL;SPORT;MANCHE;UNI;VIDE;ROBE;;ESSENTIEL;MAILLE;MIDI;MUM;4230000764077;XXL;VIOLET FONCE;54.900;;0.000
HIVER 2021;83214001;ROBE GROSESSE;Robe de grosesse.;Robe à col v , manches longues évasées en bas avec lacet à la taill-disponibles en deux couleurs.-;ROBE;FUTURE MAMAN;DAME;FUTUR MAMAN;;LOOK TOTAL;SPORT;MANCHE;UNI;VIDE;ROBE;;ESSENTIEL;MAILLE;MIDI;MUM;4230000709207;XXXL;MARRON;54.900;;0.000
HIVER 2021;83214001;ROBE GROSESSE;Robe de grosesse.;Robe à col v , manches longues évasées en bas avec lacet à la taill-disponibles en deux couleurs.-;ROBE;FUTURE MAMAN;DAME;FUTUR MAMAN;;LOOK TOTAL;SPORT;MANCHE;UNI;VIDE;ROBE;;ESSENTIEL;MAILLE;MIDI;MUM;4230000709283;XXXL;NOIR;54.900;;0.000
HIVER 2021;83214001;ROBE GROSESSE;Robe de grosesse.;Robe à col v , manches longues évasées en bas avec lacet à la taill-disponibles en deux couleurs.-;ROBE;FUTURE MAMAN;DAME;FUTUR MAMAN;;LOOK TOTAL;SPORT;MANCHE;UNI;VIDE;ROBE;;ESSENTIEL;MAILLE;MIDI;MUM;4230000764084;XXXL;VIOLET FONCE;54.900;;0.000
HIVER 2021;83214002;ROBE GROSESSE;Robe chemise imprimée à carreaux.;Robe chemise imprimée à carreaux ,manches longues et deux-poches plaquées à l'avant.-;ROBE;FUTURE MAMAN;DAME;FUTUR MAMAN;;LOOK TOTAL;SPORT;MANCHE RETROUSSABLE;CARREAU;VIDE;ROBE;;ESSENTIEL;CHAINE ET TRAME;REGULAR FIT;MUM;4230000709290;XXS;GREIGE/BLEU/MARRON;119.900;;0.000
HIVER 2021;83214002;ROBE GROSESSE;Robe chemise imprimée à carreaux.;Robe chemise imprimée à carreaux ,manches longues et deux-poches plaquées à l'avant.-;ROBE;FUTURE MAMAN;DAME;FUTUR MAMAN;;LOOK TOTAL;SPORT;MANCHE RETROUSSABLE;CARREAU;VIDE;ROBE;;ESSENTIEL;CHAINE ET TRAME;REGULAR FIT;MUM;4230000709306;XS;GREIGE/BLEU/MARRON;119.900;;0.000
HIVER 2021;83214002;ROBE GROSESSE;Robe chemise imprimée à carreaux.;Robe chemise imprimée à carreaux ,manches longues et deux-poches plaquées à l'avant.-;ROBE;FUTURE MAMAN;DAME;FUTUR MAMAN;;LOOK TOTAL;SPORT;MANCHE RETROUSSABLE;CARREAU;VIDE;ROBE;;ESSENTIEL;CHAINE ET TRAME;REGULAR FIT;MUM;4230000709313;S;GREIGE/BLEU/MARRON;119.900;;-1.000
HIVER 2021;83214002;ROBE GROSESSE;Robe chemise imprimée à carreaux.;Robe chemise imprimée à carreaux ,manches longues et deux-poches plaquées à l'avant.-;ROBE;FUTURE MAMAN;DAME;FUTUR MAMAN;;LOOK TOTAL;SPORT;MANCHE RETROUSSABLE;CARREAU;VIDE;ROBE;;ESSENTIEL;CHAINE ET TRAME;REGULAR FIT;MUM;4230000709320;M;GREIGE/BLEU/MARRON;119.900;;0.000
HIVER 2021;83214002;ROBE GROSESSE;Robe chemise imprimée à carreaux.;Robe chemise imprimée à carreaux ,manches longues et deux-poches plaquées à l'avant.-;ROBE;FUTURE MAMAN;DAME;FUTUR MAMAN;;LOOK TOTAL;SPORT;MANCHE RETROUSSABLE;CARREAU;VIDE;ROBE;;ESSENTIEL;CHAINE ET TRAME;REGULAR FIT;MUM;4230000709337;L;GREIGE/BLEU/MARRON;119.900;;0.000
HIVER 2021;83214002;ROBE GROSESSE;Robe chemise imprimée à carreaux.;Robe chemise imprimée à carreaux ,manches longues et deux-poches plaquées à l'avant.-;ROBE;FUTURE MAMAN;DAME;FUTUR MAMAN;;LOOK TOTAL;SPORT;MANCHE RETROUSSABLE;CARREAU;VIDE;ROBE;;ESSENTIEL;CHAINE ET TRAME;REGULAR FIT;MUM;4230000709344;XL;GREIGE/BLEU/MARRON;119.900;;0.000
HIVER 2021;83214002;ROBE GROSESSE;Robe chemise imprimée à carreaux.;Robe chemise imprimée à carreaux ,manches longues et deux-poches plaquées à l'avant.-;ROBE;FUTURE MAMAN;DAME;FUTUR MAMAN;;LOOK TOTAL;SPORT;MANCHE RETROUSSABLE;CARREAU;VIDE;ROBE;;ESSENTIEL;CHAINE ET TRAME;REGULAR FIT;MUM;4230000709351;XXL;GREIGE/BLEU/MARRON;119.900;;0.000
HIVER 2021;83214002;ROBE GROSESSE;Robe chemise imprimée à carreaux.;Robe chemise imprimée à carreaux ,manches longues et deux-poches plaquées à l'avant.-;ROBE;FUTURE MAMAN;DAME;FUTUR MAMAN;;LOOK TOTAL;SPORT;MANCHE RETROUSSABLE;CARREAU;VIDE;ROBE;;ESSENTIEL;CHAINE ET TRAME;REGULAR FIT;MUM;4230000709368;XXXL;GREIGE/BLEU/MARRON;119.900;;0.000
HIVER 2021;83214003;ROBE GROSESSE;Robe de grosesse fleurie.;Robe fleurie courte à manches longues ,légèrement bouffante-et à encolure col coeur.-;ROBE;FUTURE MAMAN;DAME;FUTUR MAMAN;;LOOK TOTAL;SPORT;COL;FLORAL;VIDE;ROBE;;ESSENTIEL;MAILLE;MINI;MUM;4230000709375;XXS;NOIR/BLEU C/ORANGE/BLANC;69.900;;0.000
HIVER 2021;83214003;ROBE GROSESSE;Robe de grosesse fleurie.;Robe fleurie courte à manches longues ,légèrement bouffante-et à encolure col coeur.-;ROBE;FUTURE MAMAN;DAME;FUTUR MAMAN;;LOOK TOTAL;SPORT;COL;FLORAL;VIDE;ROBE;;ESSENTIEL;MAILLE;MINI;MUM;4230000709382;XS;NOIR/BLEU C/ORANGE/BLANC;69.900;;0.000
HIVER 2021;83214003;ROBE GROSESSE;Robe de grosesse fleurie.;Robe fleurie courte à manches longues ,légèrement bouffante-et à encolure col coeur.-;ROBE;FUTURE MAMAN;DAME;FUTUR MAMAN;;LOOK TOTAL;SPORT;COL;FLORAL;VIDE;ROBE;;ESSENTIEL;MAILLE;MINI;MUM;4230000709399;S;NOIR/BLEU C/ORANGE/BLANC;69.900;;-1.000
HIVER 2021;83214003;ROBE GROSESSE;Robe de grosesse fleurie.;Robe fleurie courte à manches longues ,légèrement bouffante-et à encolure col coeur.-;ROBE;FUTURE MAMAN;DAME;FUTUR MAMAN;;LOOK TOTAL;SPORT;COL;FLORAL;VIDE;ROBE;;ESSENTIEL;MAILLE;MINI;MUM;4230000709405;M;NOIR/BLEU C/ORANGE/BLANC;69.900;;0.000
HIVER 2021;83214003;ROBE GROSESSE;Robe de grosesse fleurie.;Robe fleurie courte à manches longues ,légèrement bouffante-et à encolure col coeur.-;ROBE;FUTURE MAMAN;DAME;FUTUR MAMAN;;LOOK TOTAL;SPORT;COL;FLORAL;VIDE;ROBE;;ESSENTIEL;MAILLE;MINI;MUM;4230000709412;L;NOIR/BLEU C/ORANGE/BLANC;69.900;;0.000
HIVER 2021;83214003;ROBE GROSESSE;Robe de grosesse fleurie.;Robe fleurie courte à manches longues ,légèrement bouffante-et à encolure col coeur.-;ROBE;FUTURE MAMAN;DAME;FUTUR MAMAN;;LOOK TOTAL;SPORT;COL;FLORAL;VIDE;ROBE;;ESSENTIEL;MAILLE;MINI;MUM;4230000709429;XL;NOIR/BLEU C/ORANGE/BLANC;69.900;;0.000
HIVER 2021;83214003;ROBE GROSESSE;Robe de grosesse fleurie.;Robe fleurie courte à manches longues ,légèrement bouffante-et à encolure col coeur.-;ROBE;FUTURE MAMAN;DAME;FUTUR MAMAN;;LOOK TOTAL;SPORT;COL;FLORAL;VIDE;ROBE;;ESSENTIEL;MAILLE;MINI;MUM;4230000709436;XXL;NOIR/BLEU C/ORANGE/BLANC;69.900;;0.000
HIVER 2021;83214003;ROBE GROSESSE;Robe de grosesse fleurie.;Robe fleurie courte à manches longues ,légèrement bouffante-et à encolure col coeur.-;ROBE;FUTURE MAMAN;DAME;FUTUR MAMAN;;LOOK TOTAL;SPORT;COL;FLORAL;VIDE;ROBE;;ESSENTIEL;MAILLE;MINI;MUM;4230000709443;XXXL;NOIR/BLEU C/ORANGE/BLANC;69.900;;0.000
HIVER 2021;83215001;BLOUSE GROSESS;Blouse imprimée à carreaux.;Blouse à carreaux à col rond monté,patte caché avec volant et manch-longues,légèrement bouffantes.-;CHEMISE/CHEMISIER;FUTURE MAMAN;DAME;FUTUR MAMAN;;HAUT;SPORT;VOLANT;CARREAU;VIDE;BLOUSE/CHEMISIER;;ESSENTIEL;CHAINE ET TRAME;OVER-SIEZE;MUM;4230000709450;XXS;GREIGE/BLEUAQUA/BLEU;84.900;;0.000
HIVER 2021;83215001;BLOUSE GROSESS;Blouse imprimée à carreaux.;Blouse à carreaux à col rond monté,patte caché avec volant et manch-longues,légèrement bouffantes.-;CHEMISE/CHEMISIER;FUTURE MAMAN;DAME;FUTUR MAMAN;;HAUT;SPORT;VOLANT;CARREAU;VIDE;BLOUSE/CHEMISIER;;ESSENTIEL;CHAINE ET TRAME;OVER-SIEZE;MUM;4230000709467;XS;GREIGE/BLEUAQUA/BLEU;84.900;;0.000
HIVER 2021;83215001;BLOUSE GROSESS;Blouse imprimée à carreaux.;Blouse à carreaux à col rond monté,patte caché avec volant et manch-longues,légèrement bouffantes.-;CHEMISE/CHEMISIER;FUTURE MAMAN;DAME;FUTUR MAMAN;;HAUT;SPORT;VOLANT;CARREAU;VIDE;BLOUSE/CHEMISIER;;ESSENTIEL;CHAINE ET TRAME;OVER-SIEZE;MUM;4230000709474;S;GREIGE/BLEUAQUA/BLEU;84.900;;0.000
HIVER 2021;83215001;BLOUSE GROSESS;Blouse imprimée à carreaux.;Blouse à carreaux à col rond monté,patte caché avec volant et manch-longues,légèrement bouffantes.-;CHEMISE/CHEMISIER;FUTURE MAMAN;DAME;FUTUR MAMAN;;HAUT;SPORT;VOLANT;CARREAU;VIDE;BLOUSE/CHEMISIER;;ESSENTIEL;CHAINE ET TRAME;OVER-SIEZE;MUM;4230000709481;M;GREIGE/BLEUAQUA/BLEU;84.900;;0.000
HIVER 2021;83215001;BLOUSE GROSESS;Blouse imprimée à carreaux.;Blouse à carreaux à col rond monté,patte caché avec volant et manch-longues,légèrement bouffantes.-;CHEMISE/CHEMISIER;FUTURE MAMAN;DAME;FUTUR MAMAN;;HAUT;SPORT;VOLANT;CARREAU;VIDE;BLOUSE/CHEMISIER;;ESSENTIEL;CHAINE ET TRAME;OVER-SIEZE;MUM;4230000709498;L;GREIGE/BLEUAQUA/BLEU;84.900;;0.000
HIVER 2021;83215001;BLOUSE GROSESS;Blouse imprimée à carreaux.;Blouse à carreaux à col rond monté,patte caché avec volant et manch-longues,légèrement bouffantes.-;CHEMISE/CHEMISIER;FUTURE MAMAN;DAME;FUTUR MAMAN;;HAUT;SPORT;VOLANT;CARREAU;VIDE;BLOUSE/CHEMISIER;;ESSENTIEL;CHAINE ET TRAME;OVER-SIEZE;MUM;4230000709504;XL;GREIGE/BLEUAQUA/BLEU;84.900;;0.000
HIVER 2021;83215001;BLOUSE GROSESS;Blouse imprimée à carreaux.;Blouse à carreaux à col rond monté,patte caché avec volant et manch-longues,légèrement bouffantes.-;CHEMISE/CHEMISIER;FUTURE MAMAN;DAME;FUTUR MAMAN;;HAUT;SPORT;VOLANT;CARREAU;VIDE;BLOUSE/CHEMISIER;;ESSENTIEL;CHAINE ET TRAME;OVER-SIEZE;MUM;4230000709511;XXL;GREIGE/BLEUAQUA/BLEU;84.900;;0.000
HIVER 2021;83215001;BLOUSE GROSESS;Blouse imprimée à carreaux.;Blouse à carreaux à col rond monté,patte caché avec volant et manch-longues,légèrement bouffantes.-;CHEMISE/CHEMISIER;FUTURE MAMAN;DAME;FUTUR MAMAN;;HAUT;SPORT;VOLANT;CARREAU;VIDE;BLOUSE/CHEMISIER;;ESSENTIEL;CHAINE ET TRAME;OVER-SIEZE;MUM;4230000709528;XXXL;GREIGE/BLEUAQUA/BLEU;84.900;;0.000
HIVER 2021;83215002;BLOUSE GROSESSE;Blouse de grosesse.;Blouse évasée à col chemise ,manches longues,légèrement tombantes-et deux boutons à l'avant ,disponibles en deux couleurs.-;CHEMISE/CHEMISIER;FUTURE MAMAN;DAME;FUTUR MAMAN;;HAUT;SPORT;LACET;UNI;VIDE;BLOUSE/CHEMISIER;ETAMINE;ESSENTIEL;CHAINE ET TRAME;OVER-SIEZE;MUM;4230000709535;XXS;CAMELLE;54.900;;0.000
HIVER 2021;83215002;BLOUSE GROSESSE;Blouse de grosesse.;Blouse évasée à col chemise ,manches longues,légèrement tombantes-et deux boutons à l'avant ,disponibles en deux couleurs.-;CHEMISE/CHEMISIER;FUTURE MAMAN;DAME;FUTUR MAMAN;;HAUT;SPORT;LACET;UNI;VIDE;BLOUSE/CHEMISIER;ETAMINE;ESSENTIEL;CHAINE ET TRAME;OVER-SIEZE;MUM;4230000709610;XXS;POURPE;54.900;;0.000
HIVER 2021;83215002;BLOUSE GROSESSE;Blouse de grosesse.;Blouse évasée à col chemise ,manches longues,légèrement tombantes-et deux boutons à l'avant ,disponibles en deux couleurs.-;CHEMISE/CHEMISIER;FUTURE MAMAN;DAME;FUTUR MAMAN;;HAUT;SPORT;LACET;UNI;VIDE;BLOUSE/CHEMISIER;ETAMINE;ESSENTIEL;CHAINE ET TRAME;OVER-SIEZE;MUM;4230000709542;XS;CAMELLE;54.900;;0.000
HIVER 2021;83215002;BLOUSE GROSESSE;Blouse de grosesse.;Blouse évasée à col chemise ,manches longues,légèrement tombantes-et deux boutons à l'avant ,disponibles en deux couleurs.-;CHEMISE/CHEMISIER;FUTURE MAMAN;DAME;FUTUR MAMAN;;HAUT;SPORT;LACET;UNI;VIDE;BLOUSE/CHEMISIER;ETAMINE;ESSENTIEL;CHAINE ET TRAME;OVER-SIEZE;MUM;4230000709627;XS;POURPE;54.900;;0.000
HIVER 2021;83215002;BLOUSE GROSESSE;Blouse de grosesse.;Blouse évasée à col chemise ,manches longues,légèrement tombantes-et deux boutons à l'avant ,disponibles en deux couleurs.-;CHEMISE/CHEMISIER;FUTURE MAMAN;DAME;FUTUR MAMAN;;HAUT;SPORT;LACET;UNI;VIDE;BLOUSE/CHEMISIER;ETAMINE;ESSENTIEL;CHAINE ET TRAME;OVER-SIEZE;MUM;4230000709559;S;CAMELLE;54.900;;-2.000
HIVER 2021;83215002;BLOUSE GROSESSE;Blouse de grosesse.;Blouse évasée à col chemise ,manches longues,légèrement tombantes-et deux boutons à l'avant ,disponibles en deux couleurs.-;CHEMISE/CHEMISIER;FUTURE MAMAN;DAME;FUTUR MAMAN;;HAUT;SPORT;LACET;UNI;VIDE;BLOUSE/CHEMISIER;ETAMINE;ESSENTIEL;CHAINE ET TRAME;OVER-SIEZE;MUM;4230000709634;S;POURPE;54.900;;-2.000
HIVER 2021;83215002;BLOUSE GROSESSE;Blouse de grosesse.;Blouse évasée à col chemise ,manches longues,légèrement tombantes-et deux boutons à l'avant ,disponibles en deux couleurs.-;CHEMISE/CHEMISIER;FUTURE MAMAN;DAME;FUTUR MAMAN;;HAUT;SPORT;LACET;UNI;VIDE;BLOUSE/CHEMISIER;ETAMINE;ESSENTIEL;CHAINE ET TRAME;OVER-SIEZE;MUM;4230000709566;M;CAMELLE;54.900;;0.000
HIVER 2021;83215002;BLOUSE GROSESSE;Blouse de grosesse.;Blouse évasée à col chemise ,manches longues,légèrement tombantes-et deux boutons à l'avant ,disponibles en deux couleurs.-;CHEMISE/CHEMISIER;FUTURE MAMAN;DAME;FUTUR MAMAN;;HAUT;SPORT;LACET;UNI;VIDE;BLOUSE/CHEMISIER;ETAMINE;ESSENTIEL;CHAINE ET TRAME;OVER-SIEZE;MUM;4230000709641;M;POURPE;54.900;;0.000
HIVER 2021;83215002;BLOUSE GROSESSE;Blouse de grosesse.;Blouse évasée à col chemise ,manches longues,légèrement tombantes-et deux boutons à l'avant ,disponibles en deux couleurs.-;CHEMISE/CHEMISIER;FUTURE MAMAN;DAME;FUTUR MAMAN;;HAUT;SPORT;LACET;UNI;VIDE;BLOUSE/CHEMISIER;ETAMINE;ESSENTIEL;CHAINE ET TRAME;OVER-SIEZE;MUM;4230000709573;L;CAMELLE;54.900;;0.000
HIVER 2021;83215002;BLOUSE GROSESSE;Blouse de grosesse.;Blouse évasée à col chemise ,manches longues,légèrement tombantes-et deux boutons à l'avant ,disponibles en deux couleurs.-;CHEMISE/CHEMISIER;FUTURE MAMAN;DAME;FUTUR MAMAN;;HAUT;SPORT;LACET;UNI;VIDE;BLOUSE/CHEMISIER;ETAMINE;ESSENTIEL;CHAINE ET TRAME;OVER-SIEZE;MUM;4230000709658;L;POURPE;54.900;;0.000
HIVER 2021;83215002;BLOUSE GROSESSE;Blouse de grosesse.;Blouse évasée à col chemise ,manches longues,légèrement tombantes-et deux boutons à l'avant ,disponibles en deux couleurs.-;CHEMISE/CHEMISIER;FUTURE MAMAN;DAME;FUTUR MAMAN;;HAUT;SPORT;LACET;UNI;VIDE;BLOUSE/CHEMISIER;ETAMINE;ESSENTIEL;CHAINE ET TRAME;OVER-SIEZE;MUM;4230000709580;XL;CAMELLE;54.900;;0.000
HIVER 2021;83215002;BLOUSE GROSESSE;Blouse de grosesse.;Blouse évasée à col chemise ,manches longues,légèrement tombantes-et deux boutons à l'avant ,disponibles en deux couleurs.-;CHEMISE/CHEMISIER;FUTURE MAMAN;DAME;FUTUR MAMAN;;HAUT;SPORT;LACET;UNI;VIDE;BLOUSE/CHEMISIER;ETAMINE;ESSENTIEL;CHAINE ET TRAME;OVER-SIEZE;MUM;4230000709665;XL;POURPE;54.900;;0.000
HIVER 2021;83215002;BLOUSE GROSESSE;Blouse de grosesse.;Blouse évasée à col chemise ,manches longues,légèrement tombantes-et deux boutons à l'avant ,disponibles en deux couleurs.-;CHEMISE/CHEMISIER;FUTURE MAMAN;DAME;FUTUR MAMAN;;HAUT;SPORT;LACET;UNI;VIDE;BLOUSE/CHEMISIER;ETAMINE;ESSENTIEL;CHAINE ET TRAME;OVER-SIEZE;MUM;4230000709597;XXL;CAMELLE;54.900;;0.000
HIVER 2021;83215002;BLOUSE GROSESSE;Blouse de grosesse.;Blouse évasée à col chemise ,manches longues,légèrement tombantes-et deux boutons à l'avant ,disponibles en deux couleurs.-;CHEMISE/CHEMISIER;FUTURE MAMAN;DAME;FUTUR MAMAN;;HAUT;SPORT;LACET;UNI;VIDE;BLOUSE/CHEMISIER;ETAMINE;ESSENTIEL;CHAINE ET TRAME;OVER-SIEZE;MUM;4230000709672;XXL;POURPE;54.900;;0.000
HIVER 2021;83215002;BLOUSE GROSESSE;Blouse de grosesse.;Blouse évasée à col chemise ,manches longues,légèrement tombantes-et deux boutons à l'avant ,disponibles en deux couleurs.-;CHEMISE/CHEMISIER;FUTURE MAMAN;DAME;FUTUR MAMAN;;HAUT;SPORT;LACET;UNI;VIDE;BLOUSE/CHEMISIER;ETAMINE;ESSENTIEL;CHAINE ET TRAME;OVER-SIEZE;MUM;4230000709603;XXXL;CAMELLE;54.900;;0.000
HIVER 2021;83215002;BLOUSE GROSESSE;Blouse de grosesse.;Blouse évasée à col chemise ,manches longues,légèrement tombantes-et deux boutons à l'avant ,disponibles en deux couleurs.-;CHEMISE/CHEMISIER;FUTURE MAMAN;DAME;FUTUR MAMAN;;HAUT;SPORT;LACET;UNI;VIDE;BLOUSE/CHEMISIER;ETAMINE;ESSENTIEL;CHAINE ET TRAME;OVER-SIEZE;MUM;4230000709689;XXXL;POURPE;54.900;;0.000
HIVER 2021;83217002;SALOPETTE GROSESSE;Salopette denim de grosesse.;Salopette denim avec poche plaquée à l'avant et deux bretelles.--;JEANS;FUTURE MAMAN;DAME;FUTUR MAMAN;;BAS;SPORT;POCHE;UNI;SKINNY FIT;SALOPETTE PANT;JEANS;ESSENTIEL;DJEANS;SLIM FIT;MUM;4230000726617;34;BLEU JEAN;99.900;;0.000
HIVER 2021;83217002;SALOPETTE GROSESSE;Salopette denim de grosesse.;Salopette denim avec poche plaquée à l'avant et deux bretelles.--;JEANS;FUTURE MAMAN;DAME;FUTUR MAMAN;;BAS;SPORT;POCHE;UNI;SKINNY FIT;SALOPETTE PANT;JEANS;ESSENTIEL;DJEANS;SLIM FIT;MUM;4230000726624;36;BLEU JEAN;99.900;;0.000
HIVER 2021;83217002;SALOPETTE GROSESSE;Salopette denim de grosesse.;Salopette denim avec poche plaquée à l'avant et deux bretelles.--;JEANS;FUTURE MAMAN;DAME;FUTUR MAMAN;;BAS;SPORT;POCHE;UNI;SKINNY FIT;SALOPETTE PANT;JEANS;ESSENTIEL;DJEANS;SLIM FIT;MUM;4230000726631;38;BLEU JEAN;99.900;;0.000
HIVER 2021;83217002;SALOPETTE GROSESSE;Salopette denim de grosesse.;Salopette denim avec poche plaquée à l'avant et deux bretelles.--;JEANS;FUTURE MAMAN;DAME;FUTUR MAMAN;;BAS;SPORT;POCHE;UNI;SKINNY FIT;SALOPETTE PANT;JEANS;ESSENTIEL;DJEANS;SLIM FIT;MUM;4230000726648;40;BLEU JEAN;99.900;;0.000
HIVER 2021;83217002;SALOPETTE GROSESSE;Salopette denim de grosesse.;Salopette denim avec poche plaquée à l'avant et deux bretelles.--;JEANS;FUTURE MAMAN;DAME;FUTUR MAMAN;;BAS;SPORT;POCHE;UNI;SKINNY FIT;SALOPETTE PANT;JEANS;ESSENTIEL;DJEANS;SLIM FIT;MUM;4230000726655;42;BLEU JEAN;99.900;;0.000
HIVER 2021;83217002;SALOPETTE GROSESSE;Salopette denim de grosesse.;Salopette denim avec poche plaquée à l'avant et deux bretelles.--;JEANS;FUTURE MAMAN;DAME;FUTUR MAMAN;;BAS;SPORT;POCHE;UNI;SKINNY FIT;SALOPETTE PANT;JEANS;ESSENTIEL;DJEANS;SLIM FIT;MUM;4230000726662;44;BLEU JEAN;99.900;;0.000
HIVER 2021;83217002;SALOPETTE GROSESSE;Salopette denim de grosesse.;Salopette denim avec poche plaquée à l'avant et deux bretelles.--;JEANS;FUTURE MAMAN;DAME;FUTUR MAMAN;;BAS;SPORT;POCHE;UNI;SKINNY FIT;SALOPETTE PANT;JEANS;ESSENTIEL;DJEANS;SLIM FIT;MUM;4230000726679;46;BLEU JEAN;99.900;;0.000
HIVER 2021;83217002;SALOPETTE GROSESSE;Salopette denim de grosesse.;Salopette denim avec poche plaquée à l'avant et deux bretelles.--;JEANS;FUTURE MAMAN;DAME;FUTUR MAMAN;;BAS;SPORT;POCHE;UNI;SKINNY FIT;SALOPETTE PANT;JEANS;ESSENTIEL;DJEANS;SLIM FIT;MUM;4230000726686;48;BLEU JEAN;99.900;;0.000
HIVER 2021;83217002;SALOPETTE GROSESSE;Salopette denim de grosesse.;Salopette denim avec poche plaquée à l'avant et deux bretelles.--;JEANS;FUTURE MAMAN;DAME;FUTUR MAMAN;;BAS;SPORT;POCHE;UNI;SKINNY FIT;SALOPETTE PANT;JEANS;ESSENTIEL;DJEANS;SLIM FIT;MUM;4230000726693;50;BLEU JEAN;99.900;;0.000
HIVER 2021;83217002;SALOPETTE GROSESSE;Salopette denim de grosesse.;Salopette denim avec poche plaquée à l'avant et deux bretelles.--;JEANS;FUTURE MAMAN;DAME;FUTUR MAMAN;;BAS;SPORT;POCHE;UNI;SKINNY FIT;SALOPETTE PANT;JEANS;ESSENTIEL;DJEANS;SLIM FIT;MUM;4230000726709;32;BLEU JEAN;99.900;;0.000
HIVER 2021;83219001;PANTALON GROSES;Pantalon denim flare.;Pantalon denim flare à 5 poches,rehausse le dos ,avec sac de grosesse-comfortable .-;JEANS;FUTURE MAMAN;DAME;FUTUR MAMAN;;BAS;SPORT;GROSSESSE;UNI;FLARE;JEANS;JEANS;ESSENTIEL;DJEANS;OVER-SIEZE;MUM;4230000712511;34;BLEU;60.864;;0.000
HIVER 2021;83219001;PANTALON GROSES;Pantalon denim flare.;Pantalon denim flare à 5 poches,rehausse le dos ,avec sac de grosesse-comfortable .-;JEANS;FUTURE MAMAN;DAME;FUTUR MAMAN;;BAS;SPORT;GROSSESSE;UNI;FLARE;JEANS;JEANS;ESSENTIEL;DJEANS;OVER-SIEZE;MUM;4230000712528;36;BLEU;60.864;;0.000
HIVER 2021;83219001;PANTALON GROSES;Pantalon denim flare.;Pantalon denim flare à 5 poches,rehausse le dos ,avec sac de grosesse-comfortable .-;JEANS;FUTURE MAMAN;DAME;FUTUR MAMAN;;BAS;SPORT;GROSSESSE;UNI;FLARE;JEANS;JEANS;ESSENTIEL;DJEANS;OVER-SIEZE;MUM;4230000712535;38;BLEU;59.900;;-1.000
HIVER 2021;83219001;PANTALON GROSES;Pantalon denim flare.;Pantalon denim flare à 5 poches,rehausse le dos ,avec sac de grosesse-comfortable .-;JEANS;FUTURE MAMAN;DAME;FUTUR MAMAN;;BAS;SPORT;GROSSESSE;UNI;FLARE;JEANS;JEANS;ESSENTIEL;DJEANS;OVER-SIEZE;MUM;4230000712542;40;BLEU;59.900;;0.000
HIVER 2021;83219001;PANTALON GROSES;Pantalon denim flare.;Pantalon denim flare à 5 poches,rehausse le dos ,avec sac de grosesse-comfortable .-;JEANS;FUTURE MAMAN;DAME;FUTUR MAMAN;;BAS;SPORT;GROSSESSE;UNI;FLARE;JEANS;JEANS;ESSENTIEL;DJEANS;OVER-SIEZE;MUM;4230000712559;42;BLEU;59.900;;0.000
HIVER 2021;83219001;PANTALON GROSES;Pantalon denim flare.;Pantalon denim flare à 5 poches,rehausse le dos ,avec sac de grosesse-comfortable .-;JEANS;FUTURE MAMAN;DAME;FUTUR MAMAN;;BAS;SPORT;GROSSESSE;UNI;FLARE;JEANS;JEANS;ESSENTIEL;DJEANS;OVER-SIEZE;MUM;4230000712566;44;BLEU;59.900;;0.000
HIVER 2021;83219001;PANTALON GROSES;Pantalon denim flare.;Pantalon denim flare à 5 poches,rehausse le dos ,avec sac de grosesse-comfortable .-;JEANS;FUTURE MAMAN;DAME;FUTUR MAMAN;;BAS;SPORT;GROSSESSE;UNI;FLARE;JEANS;JEANS;ESSENTIEL;DJEANS;OVER-SIEZE;MUM;4230000712573;46;BLEU;59.900;;0.000
HIVER 2021;83219001;PANTALON GROSES;Pantalon denim flare.;Pantalon denim flare à 5 poches,rehausse le dos ,avec sac de grosesse-comfortable .-;JEANS;FUTURE MAMAN;DAME;FUTUR MAMAN;;BAS;SPORT;GROSSESSE;UNI;FLARE;JEANS;JEANS;ESSENTIEL;DJEANS;OVER-SIEZE;MUM;4230000712580;48;BLEU;60.864;;0.000
HIVER 2021;83219001;PANTALON GROSES;Pantalon denim flare.;Pantalon denim flare à 5 poches,rehausse le dos ,avec sac de grosesse-comfortable .-;JEANS;FUTURE MAMAN;DAME;FUTUR MAMAN;;BAS;SPORT;GROSSESSE;UNI;FLARE;JEANS;JEANS;ESSENTIEL;DJEANS;OVER-SIEZE;MUM;4230000712597;50;BLEU;60.864;;0.000
HIVER 2021;83219001;PANTALON GROSES;Pantalon denim flare.;Pantalon denim flare à 5 poches,rehausse le dos ,avec sac de grosesse-comfortable .-;JEANS;FUTURE MAMAN;DAME;FUTUR MAMAN;;BAS;SPORT;GROSSESSE;UNI;FLARE;JEANS;JEANS;ESSENTIEL;DJEANS;OVER-SIEZE;MUM;4230000712603;32;BLEU;60.864;;0.000
HIVER 2021;83219002;PANTALON GROSES;Pantalon denim skinny.;Pantalon denim skinny à 5 poches ,rehausse le dos et avec sac de-grosesse comfortable.-;JEANS;FUTURE MAMAN;DAME;FUTUR MAMAN;;BAS;SPORT;GROSSESSE;UNI;SKINNY FIT;JEANS;JEANS;ESSENTIEL;DJEANS;SLIM FIT;MUM;4230000712610;34;BLEU JEAN;67.787;;0.000
HIVER 2021;83219002;PANTALON GROSES;Pantalon denim skinny.;Pantalon denim skinny à 5 poches ,rehausse le dos et avec sac de-grosesse comfortable.-;JEANS;FUTURE MAMAN;DAME;FUTUR MAMAN;;BAS;SPORT;GROSSESSE;UNI;SKINNY FIT;JEANS;JEANS;ESSENTIEL;DJEANS;SLIM FIT;MUM;4230000712627;36;BLEU JEAN;59.900;;-1.000
HIVER 2021;83219002;PANTALON GROSES;Pantalon denim skinny.;Pantalon denim skinny à 5 poches ,rehausse le dos et avec sac de-grosesse comfortable.-;JEANS;FUTURE MAMAN;DAME;FUTUR MAMAN;;BAS;SPORT;GROSSESSE;UNI;SKINNY FIT;JEANS;JEANS;ESSENTIEL;DJEANS;SLIM FIT;MUM;4230000712634;38;BLEU JEAN;59.900;;0.000
HIVER 2021;83219002;PANTALON GROSES;Pantalon denim skinny.;Pantalon denim skinny à 5 poches ,rehausse le dos et avec sac de-grosesse comfortable.-;JEANS;FUTURE MAMAN;DAME;FUTUR MAMAN;;BAS;SPORT;GROSSESSE;UNI;SKINNY FIT;JEANS;JEANS;ESSENTIEL;DJEANS;SLIM FIT;MUM;4230000712641;40;BLEU JEAN;59.900;;0.000
HIVER 2021;83219002;PANTALON GROSES;Pantalon denim skinny.;Pantalon denim skinny à 5 poches ,rehausse le dos et avec sac de-grosesse comfortable.-;JEANS;FUTURE MAMAN;DAME;FUTUR MAMAN;;BAS;SPORT;GROSSESSE;UNI;SKINNY FIT;JEANS;JEANS;ESSENTIEL;DJEANS;SLIM FIT;MUM;4230000712658;42;BLEU JEAN;59.900;;0.000
HIVER 2021;83219002;PANTALON GROSES;Pantalon denim skinny.;Pantalon denim skinny à 5 poches ,rehausse le dos et avec sac de-grosesse comfortable.-;JEANS;FUTURE MAMAN;DAME;FUTUR MAMAN;;BAS;SPORT;GROSSESSE;UNI;SKINNY FIT;JEANS;JEANS;ESSENTIEL;DJEANS;SLIM FIT;MUM;4230000712665;44;BLEU JEAN;59.900;;0.000
HIVER 2021;83219002;PANTALON GROSES;Pantalon denim skinny.;Pantalon denim skinny à 5 poches ,rehausse le dos et avec sac de-grosesse comfortable.-;JEANS;FUTURE MAMAN;DAME;FUTUR MAMAN;;BAS;SPORT;GROSSESSE;UNI;SKINNY FIT;JEANS;JEANS;ESSENTIEL;DJEANS;SLIM FIT;MUM;4230000712672;46;BLEU JEAN;67.787;;0.000
HIVER 2021;83219002;PANTALON GROSES;Pantalon denim skinny.;Pantalon denim skinny à 5 poches ,rehausse le dos et avec sac de-grosesse comfortable.-;JEANS;FUTURE MAMAN;DAME;FUTUR MAMAN;;BAS;SPORT;GROSSESSE;UNI;SKINNY FIT;JEANS;JEANS;ESSENTIEL;DJEANS;SLIM FIT;MUM;4230000712689;48;BLEU JEAN;67.787;;0.000
HIVER 2021;83219002;PANTALON GROSES;Pantalon denim skinny.;Pantalon denim skinny à 5 poches ,rehausse le dos et avec sac de-grosesse comfortable.-;JEANS;FUTURE MAMAN;DAME;FUTUR MAMAN;;BAS;SPORT;GROSSESSE;UNI;SKINNY FIT;JEANS;JEANS;ESSENTIEL;DJEANS;SLIM FIT;MUM;4230000712696;50;BLEU JEAN;67.787;;0.000
HIVER 2021;83219002;PANTALON GROSES;Pantalon denim skinny.;Pantalon denim skinny à 5 poches ,rehausse le dos et avec sac de-grosesse comfortable.-;JEANS;FUTURE MAMAN;DAME;FUTUR MAMAN;;BAS;SPORT;GROSSESSE;UNI;SKINNY FIT;JEANS;JEANS;ESSENTIEL;DJEANS;SLIM FIT;MUM;4230000712702;32;BLEU JEAN;67.787;;0.000
HIVER 2021;83219004;PANTALON GROSES;Pantalon grosesse regular fit.;Pantalon regular fit avec sac de grosesse comfortable et ceinture-taille.-;PANTALONS;FUTURE MAMAN;DAME;FUTUR MAMAN;;BAS;SPORT;GROSSESSE;UNI;CIGARETTE;PANTALONS;;ESSENTIEL;CHAINE ET TRAME;REGULAR FIT;MUM;4230000709795;34;NOIR;57.403;;0.000
HIVER 2021;83219004;PANTALON GROSES;Pantalon grosesse regular fit.;Pantalon regular fit avec sac de grosesse comfortable et ceinture-taille.-;PANTALONS;FUTURE MAMAN;DAME;FUTUR MAMAN;;BAS;SPORT;GROSSESSE;UNI;CIGARETTE;PANTALONS;;ESSENTIEL;CHAINE ET TRAME;REGULAR FIT;MUM;4230000709801;36;NOIR;57.403;;0.000
HIVER 2021;83219004;PANTALON GROSES;Pantalon grosesse regular fit.;Pantalon regular fit avec sac de grosesse comfortable et ceinture-taille.-;PANTALONS;FUTURE MAMAN;DAME;FUTUR MAMAN;;BAS;SPORT;GROSSESSE;UNI;CIGARETTE;PANTALONS;;ESSENTIEL;CHAINE ET TRAME;REGULAR FIT;MUM;4230000709818;38;NOIR;59.900;;0.000
HIVER 2021;83219004;PANTALON GROSES;Pantalon grosesse regular fit.;Pantalon regular fit avec sac de grosesse comfortable et ceinture-taille.-;PANTALONS;FUTURE MAMAN;DAME;FUTUR MAMAN;;BAS;SPORT;GROSSESSE;UNI;CIGARETTE;PANTALONS;;ESSENTIEL;CHAINE ET TRAME;REGULAR FIT;MUM;4230000709825;40;NOIR;59.900;;0.000
HIVER 2021;83219004;PANTALON GROSES;Pantalon grosesse regular fit.;Pantalon regular fit avec sac de grosesse comfortable et ceinture-taille.-;PANTALONS;FUTURE MAMAN;DAME;FUTUR MAMAN;;BAS;SPORT;GROSSESSE;UNI;CIGARETTE;PANTALONS;;ESSENTIEL;CHAINE ET TRAME;REGULAR FIT;MUM;4230000709832;42;NOIR;59.900;;0.000
HIVER 2021;83219004;PANTALON GROSES;Pantalon grosesse regular fit.;Pantalon regular fit avec sac de grosesse comfortable et ceinture-taille.-;PANTALONS;FUTURE MAMAN;DAME;FUTUR MAMAN;;BAS;SPORT;GROSSESSE;UNI;CIGARETTE;PANTALONS;;ESSENTIEL;CHAINE ET TRAME;REGULAR FIT;MUM;4230000709849;44;NOIR;59.900;;1.000
HIVER 2021;83219004;PANTALON GROSES;Pantalon grosesse regular fit.;Pantalon regular fit avec sac de grosesse comfortable et ceinture-taille.-;PANTALONS;FUTURE MAMAN;DAME;FUTUR MAMAN;;BAS;SPORT;GROSSESSE;UNI;CIGARETTE;PANTALONS;;ESSENTIEL;CHAINE ET TRAME;REGULAR FIT;MUM;4230000709856;46;NOIR;59.900;;2.000
HIVER 2021;83219004;PANTALON GROSES;Pantalon grosesse regular fit.;Pantalon regular fit avec sac de grosesse comfortable et ceinture-taille.-;PANTALONS;FUTURE MAMAN;DAME;FUTUR MAMAN;;BAS;SPORT;GROSSESSE;UNI;CIGARETTE;PANTALONS;;ESSENTIEL;CHAINE ET TRAME;REGULAR FIT;MUM;4230000709863;48;NOIR;57.403;;0.000
HIVER 2021;83219004;PANTALON GROSES;Pantalon grosesse regular fit.;Pantalon regular fit avec sac de grosesse comfortable et ceinture-taille.-;PANTALONS;FUTURE MAMAN;DAME;FUTUR MAMAN;;BAS;SPORT;GROSSESSE;UNI;CIGARETTE;PANTALONS;;ESSENTIEL;CHAINE ET TRAME;REGULAR FIT;MUM;4230000709870;50;NOIR;57.403;;0.000
HIVER 2021;83219004;PANTALON GROSES;Pantalon grosesse regular fit.;Pantalon regular fit avec sac de grosesse comfortable et ceinture-taille.-;PANTALONS;FUTURE MAMAN;DAME;FUTUR MAMAN;;BAS;SPORT;GROSSESSE;UNI;CIGARETTE;PANTALONS;;ESSENTIEL;CHAINE ET TRAME;REGULAR FIT;MUM;4230000709887;32;NOIR;57.403;;0.000
HIVER 2021;83219005;LEGGING FEMME;Legging de grosesse.;Legging  de grosesse avec nervure au milieu devant.--;LEGGING EN MAILLE;FUTURE MAMAN;DAME;FUTUR MAMAN;;BAS;SPORT;NERVURE;UNI;SKINNY FIT;LEGGING;;ESSENTIEL;MAILLE;SLIM FIT;MUM;4230000738894;34;NOIR;49.900;;0.000
HIVER 2021;83219005;LEGGING FEMME;Legging de grosesse.;Legging  de grosesse avec nervure au milieu devant.--;LEGGING EN MAILLE;FUTURE MAMAN;DAME;FUTUR MAMAN;;BAS;SPORT;NERVURE;UNI;SKINNY FIT;LEGGING;;ESSENTIEL;MAILLE;SLIM FIT;MUM;4230000738900;36;NOIR;49.900;;0.000
HIVER 2021;83219005;LEGGING FEMME;Legging de grosesse.;Legging  de grosesse avec nervure au milieu devant.--;LEGGING EN MAILLE;FUTURE MAMAN;DAME;FUTUR MAMAN;;BAS;SPORT;NERVURE;UNI;SKINNY FIT;LEGGING;;ESSENTIEL;MAILLE;SLIM FIT;MUM;4230000738917;38;NOIR;49.900;;0.000
HIVER 2021;83219005;LEGGING FEMME;Legging de grosesse.;Legging  de grosesse avec nervure au milieu devant.--;LEGGING EN MAILLE;FUTURE MAMAN;DAME;FUTUR MAMAN;;BAS;SPORT;NERVURE;UNI;SKINNY FIT;LEGGING;;ESSENTIEL;MAILLE;SLIM FIT;MUM;4230000738924;40;NOIR;49.900;;0.000
HIVER 2021;83219005;LEGGING FEMME;Legging de grosesse.;Legging  de grosesse avec nervure au milieu devant.--;LEGGING EN MAILLE;FUTURE MAMAN;DAME;FUTUR MAMAN;;BAS;SPORT;NERVURE;UNI;SKINNY FIT;LEGGING;;ESSENTIEL;MAILLE;SLIM FIT;MUM;4230000738931;42;NOIR;49.900;;0.000
HIVER 2021;83219005;LEGGING FEMME;Legging de grosesse.;Legging  de grosesse avec nervure au milieu devant.--;LEGGING EN MAILLE;FUTURE MAMAN;DAME;FUTUR MAMAN;;BAS;SPORT;NERVURE;UNI;SKINNY FIT;LEGGING;;ESSENTIEL;MAILLE;SLIM FIT;MUM;4230000738948;44;NOIR;49.900;;0.000
HIVER 2021;83219005;LEGGING FEMME;Legging de grosesse.;Legging  de grosesse avec nervure au milieu devant.--;LEGGING EN MAILLE;FUTURE MAMAN;DAME;FUTUR MAMAN;;BAS;SPORT;NERVURE;UNI;SKINNY FIT;LEGGING;;ESSENTIEL;MAILLE;SLIM FIT;MUM;4230000738955;46;NOIR;49.900;;0.000
HIVER 2021;83219005;LEGGING FEMME;Legging de grosesse.;Legging  de grosesse avec nervure au milieu devant.--;LEGGING EN MAILLE;FUTURE MAMAN;DAME;FUTUR MAMAN;;BAS;SPORT;NERVURE;UNI;SKINNY FIT;LEGGING;;ESSENTIEL;MAILLE;SLIM FIT;MUM;4230000738962;48;NOIR;49.900;;0.000
HIVER 2021;83219005;LEGGING FEMME;Legging de grosesse.;Legging  de grosesse avec nervure au milieu devant.--;LEGGING EN MAILLE;FUTURE MAMAN;DAME;FUTUR MAMAN;;BAS;SPORT;NERVURE;UNI;SKINNY FIT;LEGGING;;ESSENTIEL;MAILLE;SLIM FIT;MUM;4230000738979;50;NOIR;49.900;;0.000
HIVER 2021;83219005;LEGGING FEMME;Legging de grosesse.;Legging  de grosesse avec nervure au milieu devant.--;LEGGING EN MAILLE;FUTURE MAMAN;DAME;FUTUR MAMAN;;BAS;SPORT;NERVURE;UNI;SKINNY FIT;LEGGING;;ESSENTIEL;MAILLE;SLIM FIT;MUM;4230000738986;32;NOIR;49.900;;0.000
