HIVER 2021;82210002;SAC FEMME;sac à dos;Sac Ã  dos  avec lacet.ImprimÃ© space &jam.--;SAC;ACCESSOIRE;DAME;JEUNE DAME;;ACCESSOIRE;SPORT;LACET;VIDE;;IMPERMIABLE;;;;;4230000731260;STD;NOIR;19.900;;82.000
HIVER 2021;82210002;SAC FEMME;sac à dos;Sac Ã  dos  avec lacet.ImprimÃ© space &jam.--;SAC;ACCESSOIRE;DAME;JEUNE DAME;;ACCESSOIRE;SPORT;LACET;VIDE;;IMPERMIABLE;;;;;4230000736807;STD;VERT MILITAIRE;19.900;;81.000
HIVER 2021;82210002;SAC FEMME;sac à dos;Sac Ã  dos  avec lacet.ImprimÃ© space &jam.--;SAC;ACCESSOIRE;DAME;JEUNE DAME;;ACCESSOIRE;SPORT;LACET;VIDE;;IMPERMIABLE;;;;;4230000736784;STD;BLEU NUIT;19.900;;80.000
HIVER 2021;82210002;SAC FEMME;sac à dos;Sac Ã  dos  avec lacet.ImprimÃ© space &jam.--;SAC;ACCESSOIRE;DAME;JEUNE DAME;;ACCESSOIRE;SPORT;LACET;VIDE;;IMPERMIABLE;;;;;4230000736791;STD;SAUMON;19.900;;74.000
HIVER 2021;82210202;SAC FEMME;;Sac avec lacet--;SAC;ACCESSOIRE;DAME;JEUNE DAME;;ACCESSOIRE;SPORT;LACET;VIDE;;;;CHAINE ET TRAME;;EXTRA;4230000736852;STD;PAT;19.900;;98.000
HIVER 2021;82211011;PULL FEMME;Pull en maille côtelée.;Pull ajustÃ© avec boutons sur le devant et col rond .--;PULL/SWEAT;MINIMALISTE FLOWER;DAME;JEUNE DAME;;HAUT;SPORT;BOUTON;VIDE;PULL;COTLE;;;;;4230000731284;XXS;BEIGE CLAIR;29.900;;0.000
HIVER 2021;82211011;PULL FEMME;Pull en maille côtelée.;Pull ajustÃ© avec boutons sur le devant et col rond .--;PULL/SWEAT;MINIMALISTE FLOWER;DAME;JEUNE DAME;;HAUT;SPORT;BOUTON;VIDE;PULL;COTLE;;;;;4230000731307;S;BEIGE CLAIR;29.900;;25.000
HIVER 2021;82211011;PULL FEMME;Pull en maille côtelée.;Pull ajustÃ© avec boutons sur le devant et col rond .--;PULL/SWEAT;MINIMALISTE FLOWER;DAME;JEUNE DAME;;HAUT;SPORT;BOUTON;VIDE;PULL;COTLE;;;;;4230000731383;S;ROSE POUDRE;29.900;;18.000
HIVER 2021;82211011;PULL FEMME;Pull en maille côtelée.;Pull ajustÃ© avec boutons sur le devant et col rond .--;PULL/SWEAT;MINIMALISTE FLOWER;DAME;JEUNE DAME;;HAUT;SPORT;BOUTON;VIDE;PULL;COTLE;;;;;4230000731338;XL;BEIGE CLAIR;29.900;;13.000
HIVER 2021;82211011;PULL FEMME;Pull en maille côtelée.;Pull ajustÃ© avec boutons sur le devant et col rond .--;PULL/SWEAT;MINIMALISTE FLOWER;DAME;JEUNE DAME;;HAUT;SPORT;BOUTON;VIDE;PULL;COTLE;;;;;4230000731413;XL;ROSE POUDRE;29.900;;13.000
HIVER 2021;82211012;PULL FEMME;Pull côtelé Bleu Noué Sur Le Devant;Pull cotele col V avec lacet dans le devant--;PULL/SWEAT;BACK TO SCHOOL;DAME;JEUNE DAME;;HAUT;SPORT;LACET;VIDE;PULL;;ESSENTIEL;COL DECOLTE EN V;SLIM FIT;COLLECTION;4230000731529;XXS;BEIGE CLAIR;39.900;;0.000
HIVER 2021;82211012;PULL FEMME;Pull côtelé Bleu Noué Sur Le Devant;Pull cotele col V avec lacet dans le devant--;PULL/SWEAT;BACK TO SCHOOL;DAME;JEUNE DAME;;HAUT;SPORT;LACET;VIDE;PULL;;ESSENTIEL;COL DECOLTE EN V;SLIM FIT;COLLECTION;4230000731451;XS;OFF WHITE;39.900;;0.000
HIVER 2021;82211012;PULL FEMME;Pull côtelé Bleu Noué Sur Le Devant;Pull cotele col V avec lacet dans le devant--;PULL/SWEAT;BACK TO SCHOOL;DAME;JEUNE DAME;;HAUT;SPORT;LACET;VIDE;PULL;;ESSENTIEL;COL DECOLTE EN V;SLIM FIT;COLLECTION;4230000731543;S;BEIGE CLAIR;39.900;;21.000
HIVER 2021;82211012;PULL FEMME;Pull côtelé Bleu Noué Sur Le Devant;Pull cotele col V avec lacet dans le devant--;PULL/SWEAT;BACK TO SCHOOL;DAME;JEUNE DAME;;HAUT;SPORT;LACET;VIDE;PULL;;ESSENTIEL;COL DECOLTE EN V;SLIM FIT;COLLECTION;4230000731475;M;OFF WHITE;39.900;;0.000
HIVER 2021;82211012;PULL FEMME;Pull côtelé Bleu Noué Sur Le Devant;Pull cotele col V avec lacet dans le devant--;PULL/SWEAT;BACK TO SCHOOL;DAME;JEUNE DAME;;HAUT;SPORT;LACET;VIDE;PULL;;ESSENTIEL;COL DECOLTE EN V;SLIM FIT;COLLECTION;4230000731567;L;BEIGE CLAIR;39.900;;33.000
HIVER 2021;82211012;PULL FEMME;Pull côtelé Bleu Noué Sur Le Devant;Pull cotele col V avec lacet dans le devant--;PULL/SWEAT;BACK TO SCHOOL;DAME;JEUNE DAME;;HAUT;SPORT;LACET;VIDE;PULL;;ESSENTIEL;COL DECOLTE EN V;SLIM FIT;COLLECTION;4230000731499;XL;OFF WHITE;39.900;;0.000
HIVER 2021;82211012;PULL FEMME;Pull côtelé Bleu Noué Sur Le Devant;Pull cotele col V avec lacet dans le devant--;PULL/SWEAT;BACK TO SCHOOL;DAME;JEUNE DAME;;HAUT;SPORT;LACET;VIDE;PULL;;ESSENTIEL;COL DECOLTE EN V;SLIM FIT;COLLECTION;4230000731581;XXL;BEIGE CLAIR;39.900;;0.000
HIVER 2021;82211012;PULL FEMME;Pull côtelé Bleu Noué Sur Le Devant;Pull cotele col V avec lacet dans le devant--;PULL/SWEAT;BACK TO SCHOOL;DAME;JEUNE DAME;;HAUT;SPORT;LACET;VIDE;PULL;;ESSENTIEL;COL DECOLTE EN V;SLIM FIT;COLLECTION;4230000731512;XXXL;OFF WHITE;39.900;;0.000
HIVER 2021;82211905;PULL FEMME;Pull basique à col roulé;Pull en maille Ã  col montant et manches longues.Finitions cÃ´telÃ©es.--;PULL/SWEAT;MINIMALISTE FLOWER;DAME;JEUNE DAME;;HAUT;SPORT;COL;VIDE;;;;;;;4230000699546;XS;CAMELLE;49.900;;0.000
HIVER 2021;82211905;PULL FEMME;Pull basique à col roulé;Pull en maille Ã  col montant et manches longues.Finitions cÃ´telÃ©es.--;PULL/SWEAT;MINIMALISTE FLOWER;DAME;JEUNE DAME;;HAUT;SPORT;COL;VIDE;;;;;;;4230000699621;XS;NOIR;49.900;;0.000
HIVER 2021;82211905;PULL FEMME;Pull basique à col roulé;Pull en maille Ã  col montant et manches longues.Finitions cÃ´telÃ©es.--;PULL/SWEAT;MINIMALISTE FLOWER;DAME;JEUNE DAME;;HAUT;SPORT;COL;VIDE;;;;;;;4230000699713;S;VERT EMERAUDE;49.900;;14.000
HIVER 2021;82211905;PULL FEMME;Pull basique à col roulé;Pull en maille Ã  col montant et manches longues.Finitions cÃ´telÃ©es.--;PULL/SWEAT;MINIMALISTE FLOWER;DAME;JEUNE DAME;;HAUT;SPORT;COL;VIDE;;;;;;;4230000699478;S;MARRON;49.900;;30.000
HIVER 2021;82211905;PULL FEMME;Pull basique à col roulé;Pull en maille Ã  col montant et manches longues.Finitions cÃ´telÃ©es.--;PULL/SWEAT;MINIMALISTE FLOWER;DAME;JEUNE DAME;;HAUT;SPORT;COL;VIDE;;;;;;;4230000699577;L;CAMELLE;49.900;;36.000
HIVER 2021;82211905;PULL FEMME;Pull basique à col roulé;Pull en maille Ã  col montant et manches longues.Finitions cÃ´telÃ©es.--;PULL/SWEAT;MINIMALISTE FLOWER;DAME;JEUNE DAME;;HAUT;SPORT;COL;VIDE;;;;;;;4230000699652;L;NOIR;49.900;;20.000
HIVER 2021;82211905;PULL FEMME;Pull basique à col roulé;Pull en maille Ã  col montant et manches longues.Finitions cÃ´telÃ©es.--;PULL/SWEAT;MINIMALISTE FLOWER;DAME;JEUNE DAME;;HAUT;SPORT;COL;VIDE;;;;;;;4230000699744;XL;VERT EMERAUDE;49.900;;0.000
HIVER 2021;82211905;PULL FEMME;Pull basique à col roulé;Pull en maille Ã  col montant et manches longues.Finitions cÃ´telÃ©es.--;PULL/SWEAT;MINIMALISTE FLOWER;DAME;JEUNE DAME;;HAUT;SPORT;COL;VIDE;;;;;;;4230000699508;XL;MARRON;49.900;;0.000
HIVER 2021;82211905;PULL FEMME;Pull basique à col roulé;Pull en maille Ã  col montant et manches longues.Finitions cÃ´telÃ©es.--;PULL/SWEAT;MINIMALISTE FLOWER;DAME;JEUNE DAME;;HAUT;SPORT;COL;VIDE;;;;;;;4230000699607;XXXL;CAMELLE;49.900;;0.000
HIVER 2021;82211905;PULL FEMME;Pull basique à col roulé;Pull en maille Ã  col montant et manches longues.Finitions cÃ´telÃ©es.--;PULL/SWEAT;MINIMALISTE FLOWER;DAME;JEUNE DAME;;HAUT;SPORT;COL;VIDE;;;;;;;4230000699683;XXXL;NOIR;49.900;;0.000
HIVER 2021;82211911;PULL FEMME;;--;PULL/T-SHIRT;PLANIFICATION;DAME;JEUNE DAME;;;;;;;;;;;;4230000700099;XXS;CAMEL/BEIGE;110.767;;0.000
HIVER 2021;82211911;PULL FEMME;;--;PULL/T-SHIRT;PLANIFICATION;DAME;JEUNE DAME;;;;;;;;;;;;4230000700174;XXS;GRIS;110.767;;0.000
HIVER 2021;82211911;PULL FEMME;;--;PULL/T-SHIRT;PLANIFICATION;DAME;JEUNE DAME;;;;;;;;;;;;4230000700105;XS;CAMEL/BEIGE;110.767;;0.000
HIVER 2021;82211911;PULL FEMME;;--;PULL/T-SHIRT;PLANIFICATION;DAME;JEUNE DAME;;;;;;;;;;;;4230000700181;XS;GRIS;110.767;;0.000
HIVER 2021;82211911;PULL FEMME;;--;PULL/T-SHIRT;PLANIFICATION;DAME;JEUNE DAME;;;;;;;;;;;;4230000700112;S;CAMEL/BEIGE;110.767;;0.000
HIVER 2021;82211911;PULL FEMME;;--;PULL/T-SHIRT;PLANIFICATION;DAME;JEUNE DAME;;;;;;;;;;;;4230000700198;S;GRIS;110.767;;0.000
HIVER 2021;82211911;PULL FEMME;;--;PULL/T-SHIRT;PLANIFICATION;DAME;JEUNE DAME;;;;;;;;;;;;4230000700129;M;CAMEL/BEIGE;110.767;;0.000
HIVER 2021;82211911;PULL FEMME;;--;PULL/T-SHIRT;PLANIFICATION;DAME;JEUNE DAME;;;;;;;;;;;;4230000700204;M;GRIS;110.767;;0.000
HIVER 2021;82211911;PULL FEMME;;--;PULL/T-SHIRT;PLANIFICATION;DAME;JEUNE DAME;;;;;;;;;;;;4230000700136;L;CAMEL/BEIGE;110.767;;0.000
HIVER 2021;82211911;PULL FEMME;;--;PULL/T-SHIRT;PLANIFICATION;DAME;JEUNE DAME;;;;;;;;;;;;4230000700211;L;GRIS;110.767;;0.000
HIVER 2021;82211911;PULL FEMME;;--;PULL/T-SHIRT;PLANIFICATION;DAME;JEUNE DAME;;;;;;;;;;;;4230000700143;XL;CAMEL/BEIGE;110.767;;0.000
HIVER 2021;82211911;PULL FEMME;;--;PULL/T-SHIRT;PLANIFICATION;DAME;JEUNE DAME;;;;;;;;;;;;4230000700228;XL;GRIS;110.767;;0.000
HIVER 2021;82211911;PULL FEMME;;--;PULL/T-SHIRT;PLANIFICATION;DAME;JEUNE DAME;;;;;;;;;;;;4230000700150;XXL;CAMEL/BEIGE;110.767;;0.000
HIVER 2021;82211911;PULL FEMME;;--;PULL/T-SHIRT;PLANIFICATION;DAME;JEUNE DAME;;;;;;;;;;;;4230000700235;XXL;GRIS;110.767;;0.000
HIVER 2021;82211911;PULL FEMME;;--;PULL/T-SHIRT;PLANIFICATION;DAME;JEUNE DAME;;;;;;;;;;;;4230000700167;XXXL;CAMEL/BEIGE;110.767;;0.000
HIVER 2021;82211911;PULL FEMME;;--;PULL/T-SHIRT;PLANIFICATION;DAME;JEUNE DAME;;;;;;;;;;;;4230000700242;XXXL;GRIS;110.767;;0.000
HIVER 2021;82211914;PULL FEMME;Pull à rayé.;Pull en maille,rayures color-block multicolore.Encolure rond et-manches longues.-;PULL/SWEAT;MINIMALISTE FLOWER;DAME;JEUNE DAME;;HAUT;SPORT;RAYURE;VIDE;PULL;ACRYLIQUE;;;;;4230000735411;XXS;NOIR/CAMEL/GRIS/BEIGE;59.900;;0.000
HIVER 2021;82211914;PULL FEMME;Pull à rayé.;Pull en maille,rayures color-block multicolore.Encolure rond et-manches longues.-;PULL/SWEAT;MINIMALISTE FLOWER;DAME;JEUNE DAME;;HAUT;SPORT;RAYURE;VIDE;PULL;ACRYLIQUE;;;;;4230000735497;XXS;BEIGE/MARRON/SEMON/CAMEL;59.900;;0.000
HIVER 2021;82211914;PULL FEMME;Pull à rayé.;Pull en maille,rayures color-block multicolore.Encolure rond et-manches longues.-;PULL/SWEAT;MINIMALISTE FLOWER;DAME;JEUNE DAME;;HAUT;SPORT;RAYURE;VIDE;PULL;ACRYLIQUE;;;;;4230000735428;XS;NOIR/CAMEL/GRIS/BEIGE;59.900;;0.000
HIVER 2021;82211914;PULL FEMME;Pull à rayé.;Pull en maille,rayures color-block multicolore.Encolure rond et-manches longues.-;PULL/SWEAT;MINIMALISTE FLOWER;DAME;JEUNE DAME;;HAUT;SPORT;RAYURE;VIDE;PULL;ACRYLIQUE;;;;;4230000735503;XS;BEIGE/MARRON/SEMON/CAMEL;59.900;;0.000
HIVER 2021;82211914;PULL FEMME;Pull à rayé.;Pull en maille,rayures color-block multicolore.Encolure rond et-manches longues.-;PULL/SWEAT;MINIMALISTE FLOWER;DAME;JEUNE DAME;;HAUT;SPORT;RAYURE;VIDE;PULL;ACRYLIQUE;;;;;4230000735435;S;NOIR/CAMEL/GRIS/BEIGE;59.900;;14.000
HIVER 2021;82211914;PULL FEMME;Pull à rayé.;Pull en maille,rayures color-block multicolore.Encolure rond et-manches longues.-;PULL/SWEAT;MINIMALISTE FLOWER;DAME;JEUNE DAME;;HAUT;SPORT;RAYURE;VIDE;PULL;ACRYLIQUE;;;;;4230000735510;S;BEIGE/MARRON/SEMON/CAMEL;59.900;;16.000
HIVER 2021;82211914;PULL FEMME;Pull à rayé.;Pull en maille,rayures color-block multicolore.Encolure rond et-manches longues.-;PULL/SWEAT;MINIMALISTE FLOWER;DAME;JEUNE DAME;;HAUT;SPORT;RAYURE;VIDE;PULL;ACRYLIQUE;;;;;4230000735442;M;NOIR/CAMEL/GRIS/BEIGE;59.900;;14.000
HIVER 2021;82211914;PULL FEMME;Pull à rayé.;Pull en maille,rayures color-block multicolore.Encolure rond et-manches longues.-;PULL/SWEAT;MINIMALISTE FLOWER;DAME;JEUNE DAME;;HAUT;SPORT;RAYURE;VIDE;PULL;ACRYLIQUE;;;;;4230000735527;M;BEIGE/MARRON/SEMON/CAMEL;59.900;;31.000
HIVER 2021;82211914;PULL FEMME;Pull à rayé.;Pull en maille,rayures color-block multicolore.Encolure rond et-manches longues.-;PULL/SWEAT;MINIMALISTE FLOWER;DAME;JEUNE DAME;;HAUT;SPORT;RAYURE;VIDE;PULL;ACRYLIQUE;;;;;4230000735459;L;NOIR/CAMEL/GRIS/BEIGE;59.900;;9.000
HIVER 2021;82211914;PULL FEMME;Pull à rayé.;Pull en maille,rayures color-block multicolore.Encolure rond et-manches longues.-;PULL/SWEAT;MINIMALISTE FLOWER;DAME;JEUNE DAME;;HAUT;SPORT;RAYURE;VIDE;PULL;ACRYLIQUE;;;;;4230000735534;L;BEIGE/MARRON/SEMON/CAMEL;59.900;;32.000
HIVER 2021;82211914;PULL FEMME;Pull à rayé.;Pull en maille,rayures color-block multicolore.Encolure rond et-manches longues.-;PULL/SWEAT;MINIMALISTE FLOWER;DAME;JEUNE DAME;;HAUT;SPORT;RAYURE;VIDE;PULL;ACRYLIQUE;;;;;4230000735466;XL;NOIR/CAMEL/GRIS/BEIGE;59.900;;0.000
HIVER 2021;82211914;PULL FEMME;Pull à rayé.;Pull en maille,rayures color-block multicolore.Encolure rond et-manches longues.-;PULL/SWEAT;MINIMALISTE FLOWER;DAME;JEUNE DAME;;HAUT;SPORT;RAYURE;VIDE;PULL;ACRYLIQUE;;;;;4230000735541;XL;BEIGE/MARRON/SEMON/CAMEL;59.900;;0.000
HIVER 2021;82211914;PULL FEMME;Pull à rayé.;Pull en maille,rayures color-block multicolore.Encolure rond et-manches longues.-;PULL/SWEAT;MINIMALISTE FLOWER;DAME;JEUNE DAME;;HAUT;SPORT;RAYURE;VIDE;PULL;ACRYLIQUE;;;;;4230000735473;XXL;NOIR/CAMEL/GRIS/BEIGE;59.900;;0.000
HIVER 2021;82211914;PULL FEMME;Pull à rayé.;Pull en maille,rayures color-block multicolore.Encolure rond et-manches longues.-;PULL/SWEAT;MINIMALISTE FLOWER;DAME;JEUNE DAME;;HAUT;SPORT;RAYURE;VIDE;PULL;ACRYLIQUE;;;;;4230000735558;XXL;BEIGE/MARRON/SEMON/CAMEL;59.900;;0.000
HIVER 2021;82211914;PULL FEMME;Pull à rayé.;Pull en maille,rayures color-block multicolore.Encolure rond et-manches longues.-;PULL/SWEAT;MINIMALISTE FLOWER;DAME;JEUNE DAME;;HAUT;SPORT;RAYURE;VIDE;PULL;ACRYLIQUE;;;;;4230000735480;XXXL;NOIR/CAMEL/GRIS/BEIGE;59.900;;0.000
HIVER 2021;82211914;PULL FEMME;Pull à rayé.;Pull en maille,rayures color-block multicolore.Encolure rond et-manches longues.-;PULL/SWEAT;MINIMALISTE FLOWER;DAME;JEUNE DAME;;HAUT;SPORT;RAYURE;VIDE;PULL;ACRYLIQUE;;;;;4230000735565;XXXL;BEIGE/MARRON/SEMON/CAMEL;59.900;;0.000
HIVER 2021;82213005;BLAZER FEMME;Blazer ouvert à double boutonnage.;Blazer avec col tailleur ,poches passepoilÃ©es sur le devant et-fermeture Ã  double boutonnage sur le devant .-;VESTE;MINIMALISTE FLOWER;DAME;JEUNE DAME;;OUTWEAR;SPORT;COL;VIDE;;;;;;;4230000732489;XXS;CAMELLE;129.900;;0.000
HIVER 2021;82213005;BLAZER FEMME;Blazer ouvert à double boutonnage.;Blazer avec col tailleur ,poches passepoilÃ©es sur le devant et-fermeture Ã  double boutonnage sur le devant .-;VESTE;MINIMALISTE FLOWER;DAME;JEUNE DAME;;OUTWEAR;SPORT;COL;VIDE;;;;;;;4230000732403;XXS;BLEU CLAIRE;129.900;;0.000
HIVER 2021;82213005;BLAZER FEMME;Blazer ouvert à double boutonnage.;Blazer avec col tailleur ,poches passepoilÃ©es sur le devant et-fermeture Ã  double boutonnage sur le devant .-;VESTE;MINIMALISTE FLOWER;DAME;JEUNE DAME;;OUTWEAR;SPORT;COL;VIDE;;;;;;;4230000732496;XS;CAMELLE;129.900;;14.000
HIVER 2021;82213005;BLAZER FEMME;Blazer ouvert à double boutonnage.;Blazer avec col tailleur ,poches passepoilÃ©es sur le devant et-fermeture Ã  double boutonnage sur le devant .-;VESTE;MINIMALISTE FLOWER;DAME;JEUNE DAME;;OUTWEAR;SPORT;COL;VIDE;;;;;;;4230000732410;XS;BLEU CLAIRE;129.900;;10.000
HIVER 2021;82213005;BLAZER FEMME;Blazer ouvert à double boutonnage.;Blazer avec col tailleur ,poches passepoilÃ©es sur le devant et-fermeture Ã  double boutonnage sur le devant .-;VESTE;MINIMALISTE FLOWER;DAME;JEUNE DAME;;OUTWEAR;SPORT;COL;VIDE;;;;;;;4230000732502;S;CAMELLE;129.900;;35.000
HIVER 2021;82213005;BLAZER FEMME;Blazer ouvert à double boutonnage.;Blazer avec col tailleur ,poches passepoilÃ©es sur le devant et-fermeture Ã  double boutonnage sur le devant .-;VESTE;MINIMALISTE FLOWER;DAME;JEUNE DAME;;OUTWEAR;SPORT;COL;VIDE;;;;;;;4230000732427;S;BLEU CLAIRE;129.900;;15.000
HIVER 2021;82213005;BLAZER FEMME;Blazer ouvert à double boutonnage.;Blazer avec col tailleur ,poches passepoilÃ©es sur le devant et-fermeture Ã  double boutonnage sur le devant .-;VESTE;MINIMALISTE FLOWER;DAME;JEUNE DAME;;OUTWEAR;SPORT;COL;VIDE;;;;;;;4230000732519;M;CAMELLE;129.900;;35.000
HIVER 2021;82213005;BLAZER FEMME;Blazer ouvert à double boutonnage.;Blazer avec col tailleur ,poches passepoilÃ©es sur le devant et-fermeture Ã  double boutonnage sur le devant .-;VESTE;MINIMALISTE FLOWER;DAME;JEUNE DAME;;OUTWEAR;SPORT;COL;VIDE;;;;;;;4230000732434;M;BLEU CLAIRE;129.900;;18.000
HIVER 2021;82213005;BLAZER FEMME;Blazer ouvert à double boutonnage.;Blazer avec col tailleur ,poches passepoilÃ©es sur le devant et-fermeture Ã  double boutonnage sur le devant .-;VESTE;MINIMALISTE FLOWER;DAME;JEUNE DAME;;OUTWEAR;SPORT;COL;VIDE;;;;;;;4230000732526;L;CAMELLE;129.900;;37.000
HIVER 2021;82213005;BLAZER FEMME;Blazer ouvert à double boutonnage.;Blazer avec col tailleur ,poches passepoilÃ©es sur le devant et-fermeture Ã  double boutonnage sur le devant .-;VESTE;MINIMALISTE FLOWER;DAME;JEUNE DAME;;OUTWEAR;SPORT;COL;VIDE;;;;;;;4230000732441;L;BLEU CLAIRE;129.900;;20.000
HIVER 2021;82213005;BLAZER FEMME;Blazer ouvert à double boutonnage.;Blazer avec col tailleur ,poches passepoilÃ©es sur le devant et-fermeture Ã  double boutonnage sur le devant .-;VESTE;MINIMALISTE FLOWER;DAME;JEUNE DAME;;OUTWEAR;SPORT;COL;VIDE;;;;;;;4230000732533;XL;CAMELLE;129.900;;16.000
HIVER 2021;82213005;BLAZER FEMME;Blazer ouvert à double boutonnage.;Blazer avec col tailleur ,poches passepoilÃ©es sur le devant et-fermeture Ã  double boutonnage sur le devant .-;VESTE;MINIMALISTE FLOWER;DAME;JEUNE DAME;;OUTWEAR;SPORT;COL;VIDE;;;;;;;4230000732458;XL;BLEU CLAIRE;129.900;;13.000
HIVER 2021;82213005;BLAZER FEMME;Blazer ouvert à double boutonnage.;Blazer avec col tailleur ,poches passepoilÃ©es sur le devant et-fermeture Ã  double boutonnage sur le devant .-;VESTE;MINIMALISTE FLOWER;DAME;JEUNE DAME;;OUTWEAR;SPORT;COL;VIDE;;;;;;;4230000732540;XXL;CAMELLE;129.900;;0.000
HIVER 2021;82213005;BLAZER FEMME;Blazer ouvert à double boutonnage.;Blazer avec col tailleur ,poches passepoilÃ©es sur le devant et-fermeture Ã  double boutonnage sur le devant .-;VESTE;MINIMALISTE FLOWER;DAME;JEUNE DAME;;OUTWEAR;SPORT;COL;VIDE;;;;;;;4230000732465;XXL;BLEU CLAIRE;129.900;;0.000
HIVER 2021;82213005;BLAZER FEMME;Blazer ouvert à double boutonnage.;Blazer avec col tailleur ,poches passepoilÃ©es sur le devant et-fermeture Ã  double boutonnage sur le devant .-;VESTE;MINIMALISTE FLOWER;DAME;JEUNE DAME;;OUTWEAR;SPORT;COL;VIDE;;;;;;;4230000732557;XXXL;CAMELLE;129.900;;0.000
HIVER 2021;82213005;BLAZER FEMME;Blazer ouvert à double boutonnage.;Blazer avec col tailleur ,poches passepoilÃ©es sur le devant et-fermeture Ã  double boutonnage sur le devant .-;VESTE;MINIMALISTE FLOWER;DAME;JEUNE DAME;;OUTWEAR;SPORT;COL;VIDE;;;;;;;4230000732472;XXXL;BLEU CLAIRE;129.900;;0.000
HIVER 2021;82215002;BLOUSE FEMME;Blouse imprimé à volant;Blouse ajuste en imprime florale avec deux volons devant--;CHEMISE/CHEMISIER;MINIMALISTE FLOWER;DAME;JEUNE DAME;;HAUT;SPORT;LACET;VIDE;BLOUSE/CHEMISIER;;;COL ROND;REGULAR FIT;COLLECTION;4230000711613;XXS;NOIR;29.900;;0.000
HIVER 2021;82215002;BLOUSE FEMME;Blouse imprimé à volant;Blouse ajuste en imprime florale avec deux volons devant--;CHEMISE/CHEMISIER;MINIMALISTE FLOWER;DAME;JEUNE DAME;;HAUT;SPORT;LACET;VIDE;BLOUSE/CHEMISIER;;;COL ROND;REGULAR FIT;COLLECTION;4230000711538;XXS;BEIGE;29.900;;0.000
HIVER 2021;82211905;PULL FEMME;Pull basique à col roulé;Pull en maille Ã  col montant et manches longues.Finitions cÃ´telÃ©es.--;PULL/SWEAT;MINIMALISTE FLOWER;DAME;JEUNE DAME;;HAUT;SPORT;COL;VIDE;;;;;;;4230000699706;XS;VERT EMERAUDE;49.900;;0.000
HIVER 2021;82211905;PULL FEMME;Pull basique à col roulé;Pull en maille Ã  col montant et manches longues.Finitions cÃ´telÃ©es.--;PULL/SWEAT;MINIMALISTE FLOWER;DAME;JEUNE DAME;;HAUT;SPORT;COL;VIDE;;;;;;;4230000699461;XS;MARRON;49.900;;0.000
HIVER 2021;82211905;PULL FEMME;Pull basique à col roulé;Pull en maille Ã  col montant et manches longues.Finitions cÃ´telÃ©es.--;PULL/SWEAT;MINIMALISTE FLOWER;DAME;JEUNE DAME;;HAUT;SPORT;COL;VIDE;;;;;;;4230000699553;S;CAMELLE;49.900;;37.000
HIVER 2021;82211905;PULL FEMME;Pull basique à col roulé;Pull en maille Ã  col montant et manches longues.Finitions cÃ´telÃ©es.--;PULL/SWEAT;MINIMALISTE FLOWER;DAME;JEUNE DAME;;HAUT;SPORT;COL;VIDE;;;;;;;4230000699638;S;NOIR;49.900;;15.000
HIVER 2021;82213205;BLAZER FEMME;;Blazer en carreaux avec col tailleur ,poches passepoilÃ©es sur le-devant et fermeture Ã  double boutonnage sur le devant .-;VESTE;MINIMALISTE FLOWER;DAME;JEUNE DAME;;OUTWEAR;SPORT;COUPE;VIDE;BLAZER;;;;;;4230000738375;XXS;BLEU CLAIR/BEIGE/BLEU MAR;159.900;;0.000
HIVER 2021;82213205;BLAZER FEMME;;Blazer en carreaux avec col tailleur ,poches passepoilÃ©es sur le-devant et fermeture Ã  double boutonnage sur le devant .-;VESTE;MINIMALISTE FLOWER;DAME;JEUNE DAME;;OUTWEAR;SPORT;COUPE;VIDE;BLAZER;;;;;;4230000738382;XS;BLEU CLAIR/BEIGE/BLEU MAR;159.900;;13.000
HIVER 2021;82213205;BLAZER FEMME;;Blazer en carreaux avec col tailleur ,poches passepoilÃ©es sur le-devant et fermeture Ã  double boutonnage sur le devant .-;VESTE;MINIMALISTE FLOWER;DAME;JEUNE DAME;;OUTWEAR;SPORT;COUPE;VIDE;BLAZER;;;;;;4230000738399;S;BLEU CLAIR/BEIGE/BLEU MAR;159.900;;24.000
HIVER 2021;82213205;BLAZER FEMME;;Blazer en carreaux avec col tailleur ,poches passepoilÃ©es sur le-devant et fermeture Ã  double boutonnage sur le devant .-;VESTE;MINIMALISTE FLOWER;DAME;JEUNE DAME;;OUTWEAR;SPORT;COUPE;VIDE;BLAZER;;;;;;4230000738405;M;BLEU CLAIR/BEIGE/BLEU MAR;159.900;;30.000
HIVER 2021;82213205;BLAZER FEMME;;Blazer en carreaux avec col tailleur ,poches passepoilÃ©es sur le-devant et fermeture Ã  double boutonnage sur le devant .-;VESTE;MINIMALISTE FLOWER;DAME;JEUNE DAME;;OUTWEAR;SPORT;COUPE;VIDE;BLAZER;;;;;;4230000738412;L;BLEU CLAIR/BEIGE/BLEU MAR;159.900;;31.000
HIVER 2021;82213205;BLAZER FEMME;;Blazer en carreaux avec col tailleur ,poches passepoilÃ©es sur le-devant et fermeture Ã  double boutonnage sur le devant .-;VESTE;MINIMALISTE FLOWER;DAME;JEUNE DAME;;OUTWEAR;SPORT;COUPE;VIDE;BLAZER;;;;;;4230000738429;XL;BLEU CLAIR/BEIGE/BLEU MAR;159.900;;14.000
HIVER 2021;82213205;BLAZER FEMME;;Blazer en carreaux avec col tailleur ,poches passepoilÃ©es sur le-devant et fermeture Ã  double boutonnage sur le devant .-;VESTE;MINIMALISTE FLOWER;DAME;JEUNE DAME;;OUTWEAR;SPORT;COUPE;VIDE;BLAZER;;;;;;4230000738436;XXL;BLEU CLAIR/BEIGE/BLEU MAR;159.900;;0.000
HIVER 2021;82213205;BLAZER FEMME;;Blazer en carreaux avec col tailleur ,poches passepoilÃ©es sur le-devant et fermeture Ã  double boutonnage sur le devant .-;VESTE;MINIMALISTE FLOWER;DAME;JEUNE DAME;;OUTWEAR;SPORT;COUPE;VIDE;BLAZER;;;;;;4230000738443;XXXL;BLEU CLAIR/BEIGE/BLEU MAR;159.900;;0.000
HIVER 2021;82213906;ENSEMBLE FEMME;;Cardigan courte en maille ajourÃ© Ã  col en v avec une top courte en-maille Ã  encolure droite et bretelles.Fermeture par boutons sur le-devant.;CARDIGANS;MINIMALISTE FLOWER;DAME;JEUNE DAME;;OUTWEAR;SPORT;COUPE;VIDE;;;;;;;4230000697238;XXS;BLEU JEAN;89.900;;0.000
HIVER 2021;82213906;ENSEMBLE FEMME;;Cardigan courte en maille ajourÃ© Ã  col en v avec une top courte en-maille Ã  encolure droite et bretelles.Fermeture par boutons sur le-devant.;CARDIGANS;MINIMALISTE FLOWER;DAME;JEUNE DAME;;OUTWEAR;SPORT;COUPE;VIDE;;;;;;;4230000697313;XXS;ROSE;89.900;;0.000
HIVER 2021;82211011;PULL FEMME;Pull en maille côtelée.;Pull ajustÃ© avec boutons sur le devant et col rond .--;PULL/SWEAT;MINIMALISTE FLOWER;DAME;JEUNE DAME;;HAUT;SPORT;BOUTON;VIDE;PULL;COTLE;;;;;4230000731369;XXS;ROSE POUDRE;29.900;;0.000
HIVER 2021;82211011;PULL FEMME;Pull en maille côtelée.;Pull ajustÃ© avec boutons sur le devant et col rond .--;PULL/SWEAT;MINIMALISTE FLOWER;DAME;JEUNE DAME;;HAUT;SPORT;BOUTON;VIDE;PULL;COTLE;;;;;4230000731291;XS;BEIGE CLAIR;29.900;;8.000
HIVER 2021;82211011;PULL FEMME;Pull en maille côtelée.;Pull ajustÃ© avec boutons sur le devant et col rond .--;PULL/SWEAT;MINIMALISTE FLOWER;DAME;JEUNE DAME;;HAUT;SPORT;BOUTON;VIDE;PULL;COTLE;;;;;4230000731376;XS;ROSE POUDRE;29.900;;11.000
HIVER 2021;82211011;PULL FEMME;Pull en maille côtelée.;Pull ajustÃ© avec boutons sur le devant et col rond .--;PULL/SWEAT;MINIMALISTE FLOWER;DAME;JEUNE DAME;;HAUT;SPORT;BOUTON;VIDE;PULL;COTLE;;;;;4230000731314;M;BEIGE CLAIR;29.900;;26.000
HIVER 2021;82211011;PULL FEMME;Pull en maille côtelée.;Pull ajustÃ© avec boutons sur le devant et col rond .--;PULL/SWEAT;MINIMALISTE FLOWER;DAME;JEUNE DAME;;HAUT;SPORT;BOUTON;VIDE;PULL;COTLE;;;;;4230000731390;M;ROSE POUDRE;29.900;;22.000
HIVER 2021;82211011;PULL FEMME;Pull en maille côtelée.;Pull ajustÃ© avec boutons sur le devant et col rond .--;PULL/SWEAT;MINIMALISTE FLOWER;DAME;JEUNE DAME;;HAUT;SPORT;BOUTON;VIDE;PULL;COTLE;;;;;4230000731321;L;BEIGE CLAIR;29.900;;28.000
HIVER 2021;82211011;PULL FEMME;Pull en maille côtelée.;Pull ajustÃ© avec boutons sur le devant et col rond .--;PULL/SWEAT;MINIMALISTE FLOWER;DAME;JEUNE DAME;;HAUT;SPORT;BOUTON;VIDE;PULL;COTLE;;;;;4230000731406;L;ROSE POUDRE;29.900;;29.000
HIVER 2021;82211011;PULL FEMME;Pull en maille côtelée.;Pull ajustÃ© avec boutons sur le devant et col rond .--;PULL/SWEAT;MINIMALISTE FLOWER;DAME;JEUNE DAME;;HAUT;SPORT;BOUTON;VIDE;PULL;COTLE;;;;;4230000731345;XXL;BEIGE CLAIR;29.900;;0.000
HIVER 2021;82211011;PULL FEMME;Pull en maille côtelée.;Pull ajustÃ© avec boutons sur le devant et col rond .--;PULL/SWEAT;MINIMALISTE FLOWER;DAME;JEUNE DAME;;HAUT;SPORT;BOUTON;VIDE;PULL;COTLE;;;;;4230000731420;XXL;ROSE POUDRE;29.900;;0.000
HIVER 2021;82211011;PULL FEMME;Pull en maille côtelée.;Pull ajustÃ© avec boutons sur le devant et col rond .--;PULL/SWEAT;MINIMALISTE FLOWER;DAME;JEUNE DAME;;HAUT;SPORT;BOUTON;VIDE;PULL;COTLE;;;;;4230000731352;XXXL;BEIGE CLAIR;29.900;;0.000
HIVER 2021;82211011;PULL FEMME;Pull en maille côtelée.;Pull ajustÃ© avec boutons sur le devant et col rond .--;PULL/SWEAT;MINIMALISTE FLOWER;DAME;JEUNE DAME;;HAUT;SPORT;BOUTON;VIDE;PULL;COTLE;;;;;4230000731437;XXXL;ROSE POUDRE;29.900;;0.000
HIVER 2021;82211012;PULL FEMME;Pull côtelé Bleu Noué Sur Le Devant;Pull cotele col V avec lacet dans le devant--;PULL/SWEAT;BACK TO SCHOOL;DAME;JEUNE DAME;;HAUT;SPORT;LACET;VIDE;PULL;;ESSENTIEL;COL DECOLTE EN V;SLIM FIT;COLLECTION;4230000731604;XXS;ROSE POUDRE;39.900;;0.000
HIVER 2021;82211012;PULL FEMME;Pull côtelé Bleu Noué Sur Le Devant;Pull cotele col V avec lacet dans le devant--;PULL/SWEAT;BACK TO SCHOOL;DAME;JEUNE DAME;;HAUT;SPORT;LACET;VIDE;PULL;;ESSENTIEL;COL DECOLTE EN V;SLIM FIT;COLLECTION;4230000731444;XXS;OFF WHITE;39.900;;0.000
HIVER 2021;82211012;PULL FEMME;Pull côtelé Bleu Noué Sur Le Devant;Pull cotele col V avec lacet dans le devant--;PULL/SWEAT;BACK TO SCHOOL;DAME;JEUNE DAME;;HAUT;SPORT;LACET;VIDE;PULL;;ESSENTIEL;COL DECOLTE EN V;SLIM FIT;COLLECTION;4230000731536;XS;BEIGE CLAIR;39.900;;22.000
HIVER 2021;82211012;PULL FEMME;Pull côtelé Bleu Noué Sur Le Devant;Pull cotele col V avec lacet dans le devant--;PULL/SWEAT;BACK TO SCHOOL;DAME;JEUNE DAME;;HAUT;SPORT;LACET;VIDE;PULL;;ESSENTIEL;COL DECOLTE EN V;SLIM FIT;COLLECTION;4230000731611;XS;ROSE POUDRE;39.900;;18.000
HIVER 2021;82211012;PULL FEMME;Pull côtelé Bleu Noué Sur Le Devant;Pull cotele col V avec lacet dans le devant--;PULL/SWEAT;BACK TO SCHOOL;DAME;JEUNE DAME;;HAUT;SPORT;LACET;VIDE;PULL;;ESSENTIEL;COL DECOLTE EN V;SLIM FIT;COLLECTION;4230000731628;S;ROSE POUDRE;39.900;;40.000
HIVER 2021;82211012;PULL FEMME;Pull côtelé Bleu Noué Sur Le Devant;Pull cotele col V avec lacet dans le devant--;PULL/SWEAT;BACK TO SCHOOL;DAME;JEUNE DAME;;HAUT;SPORT;LACET;VIDE;PULL;;ESSENTIEL;COL DECOLTE EN V;SLIM FIT;COLLECTION;4230000731468;S;OFF WHITE;39.900;;0.000
HIVER 2021;82211012;PULL FEMME;Pull côtelé Bleu Noué Sur Le Devant;Pull cotele col V avec lacet dans le devant--;PULL/SWEAT;BACK TO SCHOOL;DAME;JEUNE DAME;;HAUT;SPORT;LACET;VIDE;PULL;;ESSENTIEL;COL DECOLTE EN V;SLIM FIT;COLLECTION;4230000731550;M;BEIGE CLAIR;39.900;;41.000
HIVER 2021;82211012;PULL FEMME;Pull côtelé Bleu Noué Sur Le Devant;Pull cotele col V avec lacet dans le devant--;PULL/SWEAT;BACK TO SCHOOL;DAME;JEUNE DAME;;HAUT;SPORT;LACET;VIDE;PULL;;ESSENTIEL;COL DECOLTE EN V;SLIM FIT;COLLECTION;4230000731635;M;ROSE POUDRE;39.900;;43.000
HIVER 2021;82211012;PULL FEMME;Pull côtelé Bleu Noué Sur Le Devant;Pull cotele col V avec lacet dans le devant--;PULL/SWEAT;BACK TO SCHOOL;DAME;JEUNE DAME;;HAUT;SPORT;LACET;VIDE;PULL;;ESSENTIEL;COL DECOLTE EN V;SLIM FIT;COLLECTION;4230000731642;L;ROSE POUDRE;39.900;;44.000
HIVER 2021;82211012;PULL FEMME;Pull côtelé Bleu Noué Sur Le Devant;Pull cotele col V avec lacet dans le devant--;PULL/SWEAT;BACK TO SCHOOL;DAME;JEUNE DAME;;HAUT;SPORT;LACET;VIDE;PULL;;ESSENTIEL;COL DECOLTE EN V;SLIM FIT;COLLECTION;4230000731482;L;OFF WHITE;39.900;;0.000
HIVER 2021;82211012;PULL FEMME;Pull côtelé Bleu Noué Sur Le Devant;Pull cotele col V avec lacet dans le devant--;PULL/SWEAT;BACK TO SCHOOL;DAME;JEUNE DAME;;HAUT;SPORT;LACET;VIDE;PULL;;ESSENTIEL;COL DECOLTE EN V;SLIM FIT;COLLECTION;4230000731574;XL;BEIGE CLAIR;39.900;;20.000
HIVER 2021;82211012;PULL FEMME;Pull côtelé Bleu Noué Sur Le Devant;Pull cotele col V avec lacet dans le devant--;PULL/SWEAT;BACK TO SCHOOL;DAME;JEUNE DAME;;HAUT;SPORT;LACET;VIDE;PULL;;ESSENTIEL;COL DECOLTE EN V;SLIM FIT;COLLECTION;4230000731659;XL;ROSE POUDRE;39.900;;23.000
HIVER 2021;82211012;PULL FEMME;Pull côtelé Bleu Noué Sur Le Devant;Pull cotele col V avec lacet dans le devant--;PULL/SWEAT;BACK TO SCHOOL;DAME;JEUNE DAME;;HAUT;SPORT;LACET;VIDE;PULL;;ESSENTIEL;COL DECOLTE EN V;SLIM FIT;COLLECTION;4230000731666;XXL;ROSE POUDRE;39.900;;0.000
HIVER 2021;82211012;PULL FEMME;Pull côtelé Bleu Noué Sur Le Devant;Pull cotele col V avec lacet dans le devant--;PULL/SWEAT;BACK TO SCHOOL;DAME;JEUNE DAME;;HAUT;SPORT;LACET;VIDE;PULL;;ESSENTIEL;COL DECOLTE EN V;SLIM FIT;COLLECTION;4230000731505;XXL;OFF WHITE;39.900;;0.000
HIVER 2021;82211012;PULL FEMME;Pull côtelé Bleu Noué Sur Le Devant;Pull cotele col V avec lacet dans le devant--;PULL/SWEAT;BACK TO SCHOOL;DAME;JEUNE DAME;;HAUT;SPORT;LACET;VIDE;PULL;;ESSENTIEL;COL DECOLTE EN V;SLIM FIT;COLLECTION;4230000731598;XXXL;BEIGE CLAIR;39.900;;0.000
HIVER 2021;82211012;PULL FEMME;Pull côtelé Bleu Noué Sur Le Devant;Pull cotele col V avec lacet dans le devant--;PULL/SWEAT;BACK TO SCHOOL;DAME;JEUNE DAME;;HAUT;SPORT;LACET;VIDE;PULL;;ESSENTIEL;COL DECOLTE EN V;SLIM FIT;COLLECTION;4230000731673;XXXL;ROSE POUDRE;39.900;;0.000
HIVER 2021;82211905;PULL FEMME;Pull basique à col roulé;Pull en maille Ã  col montant et manches longues.Finitions cÃ´telÃ©es.--;PULL/SWEAT;MINIMALISTE FLOWER;DAME;JEUNE DAME;;HAUT;SPORT;COL;VIDE;;;;;;;4230000699539;XXS;CAMELLE;49.900;;0.000
HIVER 2021;82211905;PULL FEMME;Pull basique à col roulé;Pull en maille Ã  col montant et manches longues.Finitions cÃ´telÃ©es.--;PULL/SWEAT;MINIMALISTE FLOWER;DAME;JEUNE DAME;;HAUT;SPORT;COL;VIDE;;;;;;;4230000699614;XXS;NOIR;49.900;;0.000
HIVER 2021;82211905;PULL FEMME;Pull basique à col roulé;Pull en maille Ã  col montant et manches longues.Finitions cÃ´telÃ©es.--;PULL/SWEAT;MINIMALISTE FLOWER;DAME;JEUNE DAME;;HAUT;SPORT;COL;VIDE;;;;;;;4230000699690;XXS;VERT EMERAUDE;49.900;;0.000
HIVER 2021;82211905;PULL FEMME;Pull basique à col roulé;Pull en maille Ã  col montant et manches longues.Finitions cÃ´telÃ©es.--;PULL/SWEAT;MINIMALISTE FLOWER;DAME;JEUNE DAME;;HAUT;SPORT;COL;VIDE;;;;;;;4230000699454;XXS;MARRON;49.900;;0.000
HIVER 2021;82211905;PULL FEMME;Pull basique à col roulé;Pull en maille Ã  col montant et manches longues.Finitions cÃ´telÃ©es.--;PULL/SWEAT;MINIMALISTE FLOWER;DAME;JEUNE DAME;;HAUT;SPORT;COL;VIDE;;;;;;;4230000699560;M;CAMELLE;49.900;;34.000
HIVER 2021;82211905;PULL FEMME;Pull basique à col roulé;Pull en maille Ã  col montant et manches longues.Finitions cÃ´telÃ©es.--;PULL/SWEAT;MINIMALISTE FLOWER;DAME;JEUNE DAME;;HAUT;SPORT;COL;VIDE;;;;;;;4230000699645;M;NOIR;49.900;;14.000
HIVER 2021;82211905;PULL FEMME;Pull basique à col roulé;Pull en maille Ã  col montant et manches longues.Finitions cÃ´telÃ©es.--;PULL/SWEAT;MINIMALISTE FLOWER;DAME;JEUNE DAME;;HAUT;SPORT;COL;VIDE;;;;;;;4230000699720;M;VERT EMERAUDE;49.900;;14.000
HIVER 2021;82211905;PULL FEMME;Pull basique à col roulé;Pull en maille Ã  col montant et manches longues.Finitions cÃ´telÃ©es.--;PULL/SWEAT;MINIMALISTE FLOWER;DAME;JEUNE DAME;;HAUT;SPORT;COL;VIDE;;;;;;;4230000699485;M;MARRON;49.900;;26.000
HIVER 2021;82211905;PULL FEMME;Pull basique à col roulé;Pull en maille Ã  col montant et manches longues.Finitions cÃ´telÃ©es.--;PULL/SWEAT;MINIMALISTE FLOWER;DAME;JEUNE DAME;;HAUT;SPORT;COL;VIDE;;;;;;;4230000699737;L;VERT EMERAUDE;49.900;;14.000
HIVER 2021;82211905;PULL FEMME;Pull basique à col roulé;Pull en maille Ã  col montant et manches longues.Finitions cÃ´telÃ©es.--;PULL/SWEAT;MINIMALISTE FLOWER;DAME;JEUNE DAME;;HAUT;SPORT;COL;VIDE;;;;;;;4230000699492;L;MARRON;49.900;;27.000
HIVER 2021;82211905;PULL FEMME;Pull basique à col roulé;Pull en maille Ã  col montant et manches longues.Finitions cÃ´telÃ©es.--;PULL/SWEAT;MINIMALISTE FLOWER;DAME;JEUNE DAME;;HAUT;SPORT;COL;VIDE;;;;;;;4230000699584;XL;CAMELLE;49.900;;0.000
HIVER 2021;82211905;PULL FEMME;Pull basique à col roulé;Pull en maille Ã  col montant et manches longues.Finitions cÃ´telÃ©es.--;PULL/SWEAT;MINIMALISTE FLOWER;DAME;JEUNE DAME;;HAUT;SPORT;COL;VIDE;;;;;;;4230000699669;XL;NOIR;49.900;;0.000
HIVER 2021;82211905;PULL FEMME;Pull basique à col roulé;Pull en maille Ã  col montant et manches longues.Finitions cÃ´telÃ©es.--;PULL/SWEAT;MINIMALISTE FLOWER;DAME;JEUNE DAME;;HAUT;SPORT;COL;VIDE;;;;;;;4230000699591;XXL;CAMELLE;49.900;;0.000
HIVER 2021;82211905;PULL FEMME;Pull basique à col roulé;Pull en maille Ã  col montant et manches longues.Finitions cÃ´telÃ©es.--;PULL/SWEAT;MINIMALISTE FLOWER;DAME;JEUNE DAME;;HAUT;SPORT;COL;VIDE;;;;;;;4230000699676;XXL;NOIR;49.900;;0.000
HIVER 2021;82211905;PULL FEMME;Pull basique à col roulé;Pull en maille Ã  col montant et manches longues.Finitions cÃ´telÃ©es.--;PULL/SWEAT;MINIMALISTE FLOWER;DAME;JEUNE DAME;;HAUT;SPORT;COL;VIDE;;;;;;;4230000699751;XXL;VERT EMERAUDE;49.900;;0.000
HIVER 2021;82211905;PULL FEMME;Pull basique à col roulé;Pull en maille Ã  col montant et manches longues.Finitions cÃ´telÃ©es.--;PULL/SWEAT;MINIMALISTE FLOWER;DAME;JEUNE DAME;;HAUT;SPORT;COL;VIDE;;;;;;;4230000699515;XXL;MARRON;49.900;;0.000
HIVER 2021;82211905;PULL FEMME;Pull basique à col roulé;Pull en maille Ã  col montant et manches longues.Finitions cÃ´telÃ©es.--;PULL/SWEAT;MINIMALISTE FLOWER;DAME;JEUNE DAME;;HAUT;SPORT;COL;VIDE;;;;;;;4230000699768;XXXL;VERT EMERAUDE;49.900;;0.000
HIVER 2021;82211905;PULL FEMME;Pull basique à col roulé;Pull en maille Ã  col montant et manches longues.Finitions cÃ´telÃ©es.--;PULL/SWEAT;MINIMALISTE FLOWER;DAME;JEUNE DAME;;HAUT;SPORT;COL;VIDE;;;;;;;4230000699522;XXXL;MARRON;49.900;;0.000
HIVER 2021;82213906;ENSEMBLE FEMME;;Cardigan courte en maille ajourÃ© Ã  col en v avec une top courte en-maille Ã  encolure droite et bretelles.Fermeture par boutons sur le-devant.;CARDIGANS;MINIMALISTE FLOWER;DAME;JEUNE DAME;;OUTWEAR;SPORT;COUPE;VIDE;;;;;;;4230000697245;XS;BLEU JEAN;89.900;;0.000
HIVER 2021;82213906;ENSEMBLE FEMME;;Cardigan courte en maille ajourÃ© Ã  col en v avec une top courte en-maille Ã  encolure droite et bretelles.Fermeture par boutons sur le-devant.;CARDIGANS;MINIMALISTE FLOWER;DAME;JEUNE DAME;;OUTWEAR;SPORT;COUPE;VIDE;;;;;;;4230000697320;XS;ROSE;89.900;;0.000
HIVER 2021;82213906;ENSEMBLE FEMME;;Cardigan courte en maille ajourÃ© Ã  col en v avec une top courte en-maille Ã  encolure droite et bretelles.Fermeture par boutons sur le-devant.;CARDIGANS;MINIMALISTE FLOWER;DAME;JEUNE DAME;;OUTWEAR;SPORT;COUPE;VIDE;;;;;;;4230000697252;S;BLEU JEAN;89.900;;0.000
HIVER 2021;82213906;ENSEMBLE FEMME;;Cardigan courte en maille ajourÃ© Ã  col en v avec une top courte en-maille Ã  encolure droite et bretelles.Fermeture par boutons sur le-devant.;CARDIGANS;MINIMALISTE FLOWER;DAME;JEUNE DAME;;OUTWEAR;SPORT;COUPE;VIDE;;;;;;;4230000697337;S;ROSE;89.900;;0.000
HIVER 2021;82213906;ENSEMBLE FEMME;;Cardigan courte en maille ajourÃ© Ã  col en v avec une top courte en-maille Ã  encolure droite et bretelles.Fermeture par boutons sur le-devant.;CARDIGANS;MINIMALISTE FLOWER;DAME;JEUNE DAME;;OUTWEAR;SPORT;COUPE;VIDE;;;;;;;4230000697269;M;BLEU JEAN;89.900;;0.000
HIVER 2021;82213906;ENSEMBLE FEMME;;Cardigan courte en maille ajourÃ© Ã  col en v avec une top courte en-maille Ã  encolure droite et bretelles.Fermeture par boutons sur le-devant.;CARDIGANS;MINIMALISTE FLOWER;DAME;JEUNE DAME;;OUTWEAR;SPORT;COUPE;VIDE;;;;;;;4230000697344;M;ROSE;89.900;;0.000
HIVER 2021;82213906;ENSEMBLE FEMME;;Cardigan courte en maille ajourÃ© Ã  col en v avec une top courte en-maille Ã  encolure droite et bretelles.Fermeture par boutons sur le-devant.;CARDIGANS;MINIMALISTE FLOWER;DAME;JEUNE DAME;;OUTWEAR;SPORT;COUPE;VIDE;;;;;;;4230000697276;L;BLEU JEAN;89.900;;0.000
HIVER 2021;82213906;ENSEMBLE FEMME;;Cardigan courte en maille ajourÃ© Ã  col en v avec une top courte en-maille Ã  encolure droite et bretelles.Fermeture par boutons sur le-devant.;CARDIGANS;MINIMALISTE FLOWER;DAME;JEUNE DAME;;OUTWEAR;SPORT;COUPE;VIDE;;;;;;;4230000697351;L;ROSE;89.900;;0.000
HIVER 2021;82213906;ENSEMBLE FEMME;;Cardigan courte en maille ajourÃ© Ã  col en v avec une top courte en-maille Ã  encolure droite et bretelles.Fermeture par boutons sur le-devant.;CARDIGANS;MINIMALISTE FLOWER;DAME;JEUNE DAME;;OUTWEAR;SPORT;COUPE;VIDE;;;;;;;4230000697283;XL;BLEU JEAN;89.900;;0.000
HIVER 2021;82213906;ENSEMBLE FEMME;;Cardigan courte en maille ajourÃ© Ã  col en v avec une top courte en-maille Ã  encolure droite et bretelles.Fermeture par boutons sur le-devant.;CARDIGANS;MINIMALISTE FLOWER;DAME;JEUNE DAME;;OUTWEAR;SPORT;COUPE;VIDE;;;;;;;4230000697368;XL;ROSE;89.900;;0.000
HIVER 2021;82213906;ENSEMBLE FEMME;;Cardigan courte en maille ajourÃ© Ã  col en v avec une top courte en-maille Ã  encolure droite et bretelles.Fermeture par boutons sur le-devant.;CARDIGANS;MINIMALISTE FLOWER;DAME;JEUNE DAME;;OUTWEAR;SPORT;COUPE;VIDE;;;;;;;4230000697290;XXL;BLEU JEAN;89.900;;0.000
HIVER 2021;82213906;ENSEMBLE FEMME;;Cardigan courte en maille ajourÃ© Ã  col en v avec une top courte en-maille Ã  encolure droite et bretelles.Fermeture par boutons sur le-devant.;CARDIGANS;MINIMALISTE FLOWER;DAME;JEUNE DAME;;OUTWEAR;SPORT;COUPE;VIDE;;;;;;;4230000697375;XXL;ROSE;89.900;;0.000
HIVER 2021;82213906;ENSEMBLE FEMME;;Cardigan courte en maille ajourÃ© Ã  col en v avec une top courte en-maille Ã  encolure droite et bretelles.Fermeture par boutons sur le-devant.;CARDIGANS;MINIMALISTE FLOWER;DAME;JEUNE DAME;;OUTWEAR;SPORT;COUPE;VIDE;;;;;;;4230000697306;XXXL;BLEU JEAN;89.900;;0.000
HIVER 2021;82213906;ENSEMBLE FEMME;;Cardigan courte en maille ajourÃ© Ã  col en v avec une top courte en-maille Ã  encolure droite et bretelles.Fermeture par boutons sur le-devant.;CARDIGANS;MINIMALISTE FLOWER;DAME;JEUNE DAME;;OUTWEAR;SPORT;COUPE;VIDE;;;;;;;4230000697382;XXXL;ROSE;89.900;;0.000
HIVER 2021;82214001;ROBE FEMME;Robe courte imprimée.;Robe courte en imprime petit fleur avec smok en bas de manche.--;ROBE;MINIMALISTE FLOWER;DAME;JEUNE DAME;;LOOK TOTAL;SPORT;VOLANT;VIDE;ROBE;;;;;;4230000734742;XXS;NOIR/BLEU C/ORANGE/BLANC;69.900;;0.000
HIVER 2021;82214001;ROBE FEMME;Robe courte imprimée.;Robe courte en imprime petit fleur avec smok en bas de manche.--;ROBE;MINIMALISTE FLOWER;DAME;JEUNE DAME;;LOOK TOTAL;SPORT;VOLANT;VIDE;ROBE;;;;;;4230000734759;XS;NOIR/BLEU C/ORANGE/BLANC;69.900;;22.000
HIVER 2021;82214001;ROBE FEMME;Robe courte imprimée.;Robe courte en imprime petit fleur avec smok en bas de manche.--;ROBE;MINIMALISTE FLOWER;DAME;JEUNE DAME;;LOOK TOTAL;SPORT;VOLANT;VIDE;ROBE;;;;;;4230000734766;S;NOIR/BLEU C/ORANGE/BLANC;69.900;;41.000
HIVER 2021;82214001;ROBE FEMME;Robe courte imprimée.;Robe courte en imprime petit fleur avec smok en bas de manche.--;ROBE;MINIMALISTE FLOWER;DAME;JEUNE DAME;;LOOK TOTAL;SPORT;VOLANT;VIDE;ROBE;;;;;;4230000734773;M;NOIR/BLEU C/ORANGE/BLANC;69.900;;38.000
HIVER 2021;82214001;ROBE FEMME;Robe courte imprimée.;Robe courte en imprime petit fleur avec smok en bas de manche.--;ROBE;MINIMALISTE FLOWER;DAME;JEUNE DAME;;LOOK TOTAL;SPORT;VOLANT;VIDE;ROBE;;;;;;4230000734780;L;NOIR/BLEU C/ORANGE/BLANC;69.900;;35.000
HIVER 2021;82214001;ROBE FEMME;Robe courte imprimée.;Robe courte en imprime petit fleur avec smok en bas de manche.--;ROBE;MINIMALISTE FLOWER;DAME;JEUNE DAME;;LOOK TOTAL;SPORT;VOLANT;VIDE;ROBE;;;;;;4230000734797;XL;NOIR/BLEU C/ORANGE/BLANC;69.900;;20.000
HIVER 2021;82214001;ROBE FEMME;Robe courte imprimée.;Robe courte en imprime petit fleur avec smok en bas de manche.--;ROBE;MINIMALISTE FLOWER;DAME;JEUNE DAME;;LOOK TOTAL;SPORT;VOLANT;VIDE;ROBE;;;;;;4230000734803;XXL;NOIR/BLEU C/ORANGE/BLANC;69.900;;0.000
HIVER 2021;82214001;ROBE FEMME;Robe courte imprimée.;Robe courte en imprime petit fleur avec smok en bas de manche.--;ROBE;MINIMALISTE FLOWER;DAME;JEUNE DAME;;LOOK TOTAL;SPORT;VOLANT;VIDE;ROBE;;;;;;4230000734810;XXXL;NOIR/BLEU C/ORANGE/BLANC;69.900;;0.000
HIVER 2021;82214003;ROBE FEMME;Robe longue  imprimée;Robe longue Ã  encolure ronde ,manches bouffantes.Plis Ã  la taille sur-le devant .-;ROBE;MINIMALISTE FLOWER;DAME;JEUNE DAME;;LOOK TOTAL;SPORT;PLIS;VIDE;ROBE;;;;;;4230000733127;XXS;NOIR/BLEU C/ORANGE/BLANC;89.900;;0.000
HIVER 2021;82214003;ROBE FEMME;Robe longue  imprimée;Robe longue Ã  encolure ronde ,manches bouffantes.Plis Ã  la taille sur-le devant .-;ROBE;MINIMALISTE FLOWER;DAME;JEUNE DAME;;LOOK TOTAL;SPORT;PLIS;VIDE;ROBE;;;;;;4230000738122;XXS;NOIR/ROSE/VERT/JAUNE/ECRU;89.900;;0.000
HIVER 2021;82214003;ROBE FEMME;Robe longue  imprimée;Robe longue Ã  encolure ronde ,manches bouffantes.Plis Ã  la taille sur-le devant .-;ROBE;MINIMALISTE FLOWER;DAME;JEUNE DAME;;LOOK TOTAL;SPORT;PLIS;VIDE;ROBE;;;;;;4230000733134;XS;NOIR/BLEU C/ORANGE/BLANC;89.900;;0.000
HIVER 2021;82214003;ROBE FEMME;Robe longue  imprimée;Robe longue Ã  encolure ronde ,manches bouffantes.Plis Ã  la taille sur-le devant .-;ROBE;MINIMALISTE FLOWER;DAME;JEUNE DAME;;LOOK TOTAL;SPORT;PLIS;VIDE;ROBE;;;;;;4230000738139;XS;NOIR/ROSE/VERT/JAUNE/ECRU;89.900;;17.000
HIVER 2021;82214003;ROBE FEMME;Robe longue  imprimée;Robe longue Ã  encolure ronde ,manches bouffantes.Plis Ã  la taille sur-le devant .-;ROBE;MINIMALISTE FLOWER;DAME;JEUNE DAME;;LOOK TOTAL;SPORT;PLIS;VIDE;ROBE;;;;;;4230000733141;S;NOIR/BLEU C/ORANGE/BLANC;89.900;;0.000
HIVER 2021;82214003;ROBE FEMME;Robe longue  imprimée;Robe longue Ã  encolure ronde ,manches bouffantes.Plis Ã  la taille sur-le devant .-;ROBE;MINIMALISTE FLOWER;DAME;JEUNE DAME;;LOOK TOTAL;SPORT;PLIS;VIDE;ROBE;;;;;;4230000738146;S;NOIR/ROSE/VERT/JAUNE/ECRU;89.900;;47.000
HIVER 2021;82214003;ROBE FEMME;Robe longue  imprimée;Robe longue Ã  encolure ronde ,manches bouffantes.Plis Ã  la taille sur-le devant .-;ROBE;MINIMALISTE FLOWER;DAME;JEUNE DAME;;LOOK TOTAL;SPORT;PLIS;VIDE;ROBE;;;;;;4230000733158;M;NOIR/BLEU C/ORANGE/BLANC;89.900;;0.000
HIVER 2021;82214003;ROBE FEMME;Robe longue  imprimée;Robe longue Ã  encolure ronde ,manches bouffantes.Plis Ã  la taille sur-le devant .-;ROBE;MINIMALISTE FLOWER;DAME;JEUNE DAME;;LOOK TOTAL;SPORT;PLIS;VIDE;ROBE;;;;;;4230000738153;M;NOIR/ROSE/VERT/JAUNE/ECRU;89.900;;48.000
HIVER 2021;82214003;ROBE FEMME;Robe longue  imprimée;Robe longue Ã  encolure ronde ,manches bouffantes.Plis Ã  la taille sur-le devant .-;ROBE;MINIMALISTE FLOWER;DAME;JEUNE DAME;;LOOK TOTAL;SPORT;PLIS;VIDE;ROBE;;;;;;4230000733165;L;NOIR/BLEU C/ORANGE/BLANC;89.900;;0.000
HIVER 2021;82214003;ROBE FEMME;Robe longue  imprimée;Robe longue Ã  encolure ronde ,manches bouffantes.Plis Ã  la taille sur-le devant .-;ROBE;MINIMALISTE FLOWER;DAME;JEUNE DAME;;LOOK TOTAL;SPORT;PLIS;VIDE;ROBE;;;;;;4230000738160;L;NOIR/ROSE/VERT/JAUNE/ECRU;89.900;;40.000
HIVER 2021;82214003;ROBE FEMME;Robe longue  imprimée;Robe longue Ã  encolure ronde ,manches bouffantes.Plis Ã  la taille sur-le devant .-;ROBE;MINIMALISTE FLOWER;DAME;JEUNE DAME;;LOOK TOTAL;SPORT;PLIS;VIDE;ROBE;;;;;;4230000733172;XL;NOIR/BLEU C/ORANGE/BLANC;89.900;;0.000
HIVER 2021;82214003;ROBE FEMME;Robe longue  imprimée;Robe longue Ã  encolure ronde ,manches bouffantes.Plis Ã  la taille sur-le devant .-;ROBE;MINIMALISTE FLOWER;DAME;JEUNE DAME;;LOOK TOTAL;SPORT;PLIS;VIDE;ROBE;;;;;;4230000738177;XL;NOIR/ROSE/VERT/JAUNE/ECRU;89.900;;16.000
HIVER 2021;82214003;ROBE FEMME;Robe longue  imprimée;Robe longue Ã  encolure ronde ,manches bouffantes.Plis Ã  la taille sur-le devant .-;ROBE;MINIMALISTE FLOWER;DAME;JEUNE DAME;;LOOK TOTAL;SPORT;PLIS;VIDE;ROBE;;;;;;4230000733189;XXL;NOIR/BLEU C/ORANGE/BLANC;89.900;;0.000
HIVER 2021;82214003;ROBE FEMME;Robe longue  imprimée;Robe longue Ã  encolure ronde ,manches bouffantes.Plis Ã  la taille sur-le devant .-;ROBE;MINIMALISTE FLOWER;DAME;JEUNE DAME;;LOOK TOTAL;SPORT;PLIS;VIDE;ROBE;;;;;;4230000738184;XXL;NOIR/ROSE/VERT/JAUNE/ECRU;89.900;;0.000
HIVER 2021;82214003;ROBE FEMME;Robe longue  imprimée;Robe longue Ã  encolure ronde ,manches bouffantes.Plis Ã  la taille sur-le devant .-;ROBE;MINIMALISTE FLOWER;DAME;JEUNE DAME;;LOOK TOTAL;SPORT;PLIS;VIDE;ROBE;;;;;;4230000733196;XXXL;NOIR/BLEU C/ORANGE/BLANC;89.900;;0.000
HIVER 2021;82214003;ROBE FEMME;Robe longue  imprimée;Robe longue Ã  encolure ronde ,manches bouffantes.Plis Ã  la taille sur-le devant .-;ROBE;MINIMALISTE FLOWER;DAME;JEUNE DAME;;LOOK TOTAL;SPORT;PLIS;VIDE;ROBE;;;;;;4230000738191;XXXL;NOIR/ROSE/VERT/JAUNE/ECRU;89.900;;0.000
HIVER 2021;82215002;BLOUSE FEMME;Blouse imprimé à volant;Blouse ajuste en imprime florale avec deux volons devant--;CHEMISE/CHEMISIER;MINIMALISTE FLOWER;DAME;JEUNE DAME;;HAUT;SPORT;LACET;VIDE;BLOUSE/CHEMISIER;;;COL ROND;REGULAR FIT;COLLECTION;4230000711620;XS;NOIR;29.900;;21.000
HIVER 2021;82215002;BLOUSE FEMME;Blouse imprimé à volant;Blouse ajuste en imprime florale avec deux volons devant--;CHEMISE/CHEMISIER;MINIMALISTE FLOWER;DAME;JEUNE DAME;;HAUT;SPORT;LACET;VIDE;BLOUSE/CHEMISIER;;;COL ROND;REGULAR FIT;COLLECTION;4230000711545;XS;BEIGE;29.900;;13.000
HIVER 2021;82215002;BLOUSE FEMME;Blouse imprimé à volant;Blouse ajuste en imprime florale avec deux volons devant--;CHEMISE/CHEMISIER;MINIMALISTE FLOWER;DAME;JEUNE DAME;;HAUT;SPORT;LACET;VIDE;BLOUSE/CHEMISIER;;;COL ROND;REGULAR FIT;COLLECTION;4230000711637;S;NOIR;29.900;;36.000
HIVER 2021;82215002;BLOUSE FEMME;Blouse imprimé à volant;Blouse ajuste en imprime florale avec deux volons devant--;CHEMISE/CHEMISIER;MINIMALISTE FLOWER;DAME;JEUNE DAME;;HAUT;SPORT;LACET;VIDE;BLOUSE/CHEMISIER;;;COL ROND;REGULAR FIT;COLLECTION;4230000711552;S;BEIGE;29.900;;34.000
HIVER 2021;82215002;BLOUSE FEMME;Blouse imprimé à volant;Blouse ajuste en imprime florale avec deux volons devant--;CHEMISE/CHEMISIER;MINIMALISTE FLOWER;DAME;JEUNE DAME;;HAUT;SPORT;LACET;VIDE;BLOUSE/CHEMISIER;;;COL ROND;REGULAR FIT;COLLECTION;4230000711644;M;NOIR;29.900;;36.000
HIVER 2021;82215002;BLOUSE FEMME;Blouse imprimé à volant;Blouse ajuste en imprime florale avec deux volons devant--;CHEMISE/CHEMISIER;MINIMALISTE FLOWER;DAME;JEUNE DAME;;HAUT;SPORT;LACET;VIDE;BLOUSE/CHEMISIER;;;COL ROND;REGULAR FIT;COLLECTION;4230000711569;M;BEIGE;29.900;;33.000
HIVER 2021;82215002;BLOUSE FEMME;Blouse imprimé à volant;Blouse ajuste en imprime florale avec deux volons devant--;CHEMISE/CHEMISIER;MINIMALISTE FLOWER;DAME;JEUNE DAME;;HAUT;SPORT;LACET;VIDE;BLOUSE/CHEMISIER;;;COL ROND;REGULAR FIT;COLLECTION;4230000711651;L;NOIR;29.900;;40.000
HIVER 2021;82215002;BLOUSE FEMME;Blouse imprimé à volant;Blouse ajuste en imprime florale avec deux volons devant--;CHEMISE/CHEMISIER;MINIMALISTE FLOWER;DAME;JEUNE DAME;;HAUT;SPORT;LACET;VIDE;BLOUSE/CHEMISIER;;;COL ROND;REGULAR FIT;COLLECTION;4230000711576;L;BEIGE;29.900;;40.000
HIVER 2021;82215002;BLOUSE FEMME;Blouse imprimé à volant;Blouse ajuste en imprime florale avec deux volons devant--;CHEMISE/CHEMISIER;MINIMALISTE FLOWER;DAME;JEUNE DAME;;HAUT;SPORT;LACET;VIDE;BLOUSE/CHEMISIER;;;COL ROND;REGULAR FIT;COLLECTION;4230000711668;XL;NOIR;29.900;;22.000
HIVER 2021;82215002;BLOUSE FEMME;Blouse imprimé à volant;Blouse ajuste en imprime florale avec deux volons devant--;CHEMISE/CHEMISIER;MINIMALISTE FLOWER;DAME;JEUNE DAME;;HAUT;SPORT;LACET;VIDE;BLOUSE/CHEMISIER;;;COL ROND;REGULAR FIT;COLLECTION;4230000711583;XL;BEIGE;29.900;;24.000
HIVER 2021;82215002;BLOUSE FEMME;Blouse imprimé à volant;Blouse ajuste en imprime florale avec deux volons devant--;CHEMISE/CHEMISIER;MINIMALISTE FLOWER;DAME;JEUNE DAME;;HAUT;SPORT;LACET;VIDE;BLOUSE/CHEMISIER;;;COL ROND;REGULAR FIT;COLLECTION;4230000711675;XXL;NOIR;29.900;;0.000
HIVER 2021;82215002;BLOUSE FEMME;Blouse imprimé à volant;Blouse ajuste en imprime florale avec deux volons devant--;CHEMISE/CHEMISIER;MINIMALISTE FLOWER;DAME;JEUNE DAME;;HAUT;SPORT;LACET;VIDE;BLOUSE/CHEMISIER;;;COL ROND;REGULAR FIT;COLLECTION;4230000711590;XXL;BEIGE;29.900;;0.000
HIVER 2021;82215002;BLOUSE FEMME;Blouse imprimé à volant;Blouse ajuste en imprime florale avec deux volons devant--;CHEMISE/CHEMISIER;MINIMALISTE FLOWER;DAME;JEUNE DAME;;HAUT;SPORT;LACET;VIDE;BLOUSE/CHEMISIER;;;COL ROND;REGULAR FIT;COLLECTION;4230000711682;XXXL;NOIR;29.900;;0.000
HIVER 2021;82215002;BLOUSE FEMME;Blouse imprimé à volant;Blouse ajuste en imprime florale avec deux volons devant--;CHEMISE/CHEMISIER;MINIMALISTE FLOWER;DAME;JEUNE DAME;;HAUT;SPORT;LACET;VIDE;BLOUSE/CHEMISIER;;;COL ROND;REGULAR FIT;COLLECTION;4230000711606;XXXL;BEIGE;29.900;;0.000
HIVER 2021;82216001;SURCHEMISE FEM;Surchemise carreaux.;Surchemise Ã  carreaux, avec poches avant au niveau de la poitrine ,col-classique et fermeture boutonnÃ©e.-;CHEMISE/CHEMISIER;MINIMALISTE FLOWER;DAME;JEUNE DAME;;HAUT;SPORT;TISSU;VIDE;SUR CHEMISE;FLANEL;;;;;4230000733288;XXS;NOIR/BEIGE/OFF WHITE;111.344;;0.000
HIVER 2021;82216001;SURCHEMISE FEM;Surchemise carreaux.;Surchemise Ã  carreaux, avec poches avant au niveau de la poitrine ,col-classique et fermeture boutonnÃ©e.-;CHEMISE/CHEMISIER;MINIMALISTE FLOWER;DAME;JEUNE DAME;;HAUT;SPORT;TISSU;VIDE;SUR CHEMISE;FLANEL;;;;;4230000733295;XS;NOIR/BEIGE/OFF WHITE;99.900;;22.000
HIVER 2021;82216001;SURCHEMISE FEM;Surchemise carreaux.;Surchemise Ã  carreaux, avec poches avant au niveau de la poitrine ,col-classique et fermeture boutonnÃ©e.-;CHEMISE/CHEMISIER;MINIMALISTE FLOWER;DAME;JEUNE DAME;;HAUT;SPORT;TISSU;VIDE;SUR CHEMISE;FLANEL;;;;;4230000733301;S;NOIR/BEIGE/OFF WHITE;99.900;;43.000
HIVER 2021;82216001;SURCHEMISE FEM;Surchemise carreaux.;Surchemise Ã  carreaux, avec poches avant au niveau de la poitrine ,col-classique et fermeture boutonnÃ©e.-;CHEMISE/CHEMISIER;MINIMALISTE FLOWER;DAME;JEUNE DAME;;HAUT;SPORT;TISSU;VIDE;SUR CHEMISE;FLANEL;;;;;4230000733318;M;NOIR/BEIGE/OFF WHITE;99.900;;48.000
HIVER 2021;82216001;SURCHEMISE FEM;Surchemise carreaux.;Surchemise Ã  carreaux, avec poches avant au niveau de la poitrine ,col-classique et fermeture boutonnÃ©e.-;CHEMISE/CHEMISIER;MINIMALISTE FLOWER;DAME;JEUNE DAME;;HAUT;SPORT;TISSU;VIDE;SUR CHEMISE;FLANEL;;;;;4230000733325;L;NOIR/BEIGE/OFF WHITE;99.900;;48.000
HIVER 2021;82216001;SURCHEMISE FEM;Surchemise carreaux.;Surchemise Ã  carreaux, avec poches avant au niveau de la poitrine ,col-classique et fermeture boutonnÃ©e.-;CHEMISE/CHEMISIER;MINIMALISTE FLOWER;DAME;JEUNE DAME;;HAUT;SPORT;TISSU;VIDE;SUR CHEMISE;FLANEL;;;;;4230000733332;XL;NOIR/BEIGE/OFF WHITE;99.900;;24.000
HIVER 2021;82216001;SURCHEMISE FEM;Surchemise carreaux.;Surchemise Ã  carreaux, avec poches avant au niveau de la poitrine ,col-classique et fermeture boutonnÃ©e.-;CHEMISE/CHEMISIER;MINIMALISTE FLOWER;DAME;JEUNE DAME;;HAUT;SPORT;TISSU;VIDE;SUR CHEMISE;FLANEL;;;;;4230000733349;XXL;NOIR/BEIGE/OFF WHITE;111.344;;0.000
HIVER 2021;82216001;SURCHEMISE FEM;Surchemise carreaux.;Surchemise Ã  carreaux, avec poches avant au niveau de la poitrine ,col-classique et fermeture boutonnÃ©e.-;CHEMISE/CHEMISIER;MINIMALISTE FLOWER;DAME;JEUNE DAME;;HAUT;SPORT;TISSU;VIDE;SUR CHEMISE;FLANEL;;;;;4230000733356;XXXL;NOIR/BEIGE/OFF WHITE;111.344;;0.000
HIVER 2021;82216002;CHEMISE FEMME;Chemise à  carreaux.;Chemise avec poche plaquÃ©e sur la poitrine,manches longues Ã  poignets-Ã  boutons , col classique,boutonnage sur le devant .-;CHEMISE/CHEMISIER;MINIMALISTE FLOWER;DAME;JEUNE DAME;;HAUT;SPORT;POCHE;VIDE;CHEMISE;;;;;;4230000733363;XXS;BEIGE CLAIR;79.900;;0.000
HIVER 2021;82216002;CHEMISE FEMME;Chemise à  carreaux.;Chemise avec poche plaquÃ©e sur la poitrine,manches longues Ã  poignets-Ã  boutons , col classique,boutonnage sur le devant .-;CHEMISE/CHEMISIER;MINIMALISTE FLOWER;DAME;JEUNE DAME;;HAUT;SPORT;POCHE;VIDE;CHEMISE;;;;;;4230000733448;XXS;ROSE POUDRE;79.900;;0.000
HIVER 2021;82216002;CHEMISE FEMME;Chemise à  carreaux.;Chemise avec poche plaquÃ©e sur la poitrine,manches longues Ã  poignets-Ã  boutons , col classique,boutonnage sur le devant .-;CHEMISE/CHEMISIER;MINIMALISTE FLOWER;DAME;JEUNE DAME;;HAUT;SPORT;POCHE;VIDE;CHEMISE;;;;;;4230000736050;XXS;GREIGE/BLEU/MARRON;79.900;;0.000
HIVER 2021;82216002;CHEMISE FEMME;Chemise à  carreaux.;Chemise avec poche plaquÃ©e sur la poitrine,manches longues Ã  poignets-Ã  boutons , col classique,boutonnage sur le devant .-;CHEMISE/CHEMISIER;MINIMALISTE FLOWER;DAME;JEUNE DAME;;HAUT;SPORT;POCHE;VIDE;CHEMISE;;;;;;4230000733370;XS;BEIGE CLAIR;79.900;;0.000
HIVER 2021;82216002;CHEMISE FEMME;Chemise à  carreaux.;Chemise avec poche plaquÃ©e sur la poitrine,manches longues Ã  poignets-Ã  boutons , col classique,boutonnage sur le devant .-;CHEMISE/CHEMISIER;MINIMALISTE FLOWER;DAME;JEUNE DAME;;HAUT;SPORT;POCHE;VIDE;CHEMISE;;;;;;4230000733455;XS;ROSE POUDRE;79.900;;0.000
HIVER 2021;82216002;CHEMISE FEMME;Chemise à  carreaux.;Chemise avec poche plaquÃ©e sur la poitrine,manches longues Ã  poignets-Ã  boutons , col classique,boutonnage sur le devant .-;CHEMISE/CHEMISIER;MINIMALISTE FLOWER;DAME;JEUNE DAME;;HAUT;SPORT;POCHE;VIDE;CHEMISE;;;;;;4230000736067;XS;GREIGE/BLEU/MARRON;79.900;;24.000
HIVER 2021;82216002;CHEMISE FEMME;Chemise à  carreaux.;Chemise avec poche plaquÃ©e sur la poitrine,manches longues Ã  poignets-Ã  boutons , col classique,boutonnage sur le devant .-;CHEMISE/CHEMISIER;MINIMALISTE FLOWER;DAME;JEUNE DAME;;HAUT;SPORT;POCHE;VIDE;CHEMISE;;;;;;4230000733387;S;BEIGE CLAIR;79.900;;0.000
HIVER 2021;82216002;CHEMISE FEMME;Chemise à  carreaux.;Chemise avec poche plaquÃ©e sur la poitrine,manches longues Ã  poignets-Ã  boutons , col classique,boutonnage sur le devant .-;CHEMISE/CHEMISIER;MINIMALISTE FLOWER;DAME;JEUNE DAME;;HAUT;SPORT;POCHE;VIDE;CHEMISE;;;;;;4230000733462;S;ROSE POUDRE;79.900;;0.000
HIVER 2021;82216002;CHEMISE FEMME;Chemise à  carreaux.;Chemise avec poche plaquÃ©e sur la poitrine,manches longues Ã  poignets-Ã  boutons , col classique,boutonnage sur le devant .-;CHEMISE/CHEMISIER;MINIMALISTE FLOWER;DAME;JEUNE DAME;;HAUT;SPORT;POCHE;VIDE;CHEMISE;;;;;;4230000736074;S;GREIGE/BLEU/MARRON;79.900;;52.000
HIVER 2021;82216002;CHEMISE FEMME;Chemise à  carreaux.;Chemise avec poche plaquÃ©e sur la poitrine,manches longues Ã  poignets-Ã  boutons , col classique,boutonnage sur le devant .-;CHEMISE/CHEMISIER;MINIMALISTE FLOWER;DAME;JEUNE DAME;;HAUT;SPORT;POCHE;VIDE;CHEMISE;;;;;;4230000733394;M;BEIGE CLAIR;79.900;;0.000
HIVER 2021;82216002;CHEMISE FEMME;Chemise à  carreaux.;Chemise avec poche plaquÃ©e sur la poitrine,manches longues Ã  poignets-Ã  boutons , col classique,boutonnage sur le devant .-;CHEMISE/CHEMISIER;MINIMALISTE FLOWER;DAME;JEUNE DAME;;HAUT;SPORT;POCHE;VIDE;CHEMISE;;;;;;4230000733479;M;ROSE POUDRE;79.900;;0.000
HIVER 2021;82216002;CHEMISE FEMME;Chemise à  carreaux.;Chemise avec poche plaquÃ©e sur la poitrine,manches longues Ã  poignets-Ã  boutons , col classique,boutonnage sur le devant .-;CHEMISE/CHEMISIER;MINIMALISTE FLOWER;DAME;JEUNE DAME;;HAUT;SPORT;POCHE;VIDE;CHEMISE;;;;;;4230000736081;M;GREIGE/BLEU/MARRON;79.900;;52.000
HIVER 2021;82216002;CHEMISE FEMME;Chemise à  carreaux.;Chemise avec poche plaquÃ©e sur la poitrine,manches longues Ã  poignets-Ã  boutons , col classique,boutonnage sur le devant .-;CHEMISE/CHEMISIER;MINIMALISTE FLOWER;DAME;JEUNE DAME;;HAUT;SPORT;POCHE;VIDE;CHEMISE;;;;;;4230000733400;L;BEIGE CLAIR;79.900;;0.000
HIVER 2021;82216002;CHEMISE FEMME;Chemise à  carreaux.;Chemise avec poche plaquÃ©e sur la poitrine,manches longues Ã  poignets-Ã  boutons , col classique,boutonnage sur le devant .-;CHEMISE/CHEMISIER;MINIMALISTE FLOWER;DAME;JEUNE DAME;;HAUT;SPORT;POCHE;VIDE;CHEMISE;;;;;;4230000733486;L;ROSE POUDRE;79.900;;0.000
HIVER 2021;82216002;CHEMISE FEMME;Chemise à  carreaux.;Chemise avec poche plaquÃ©e sur la poitrine,manches longues Ã  poignets-Ã  boutons , col classique,boutonnage sur le devant .-;CHEMISE/CHEMISIER;MINIMALISTE FLOWER;DAME;JEUNE DAME;;HAUT;SPORT;POCHE;VIDE;CHEMISE;;;;;;4230000736098;L;GREIGE/BLEU/MARRON;79.900;;50.000
HIVER 2021;82216002;CHEMISE FEMME;Chemise à  carreaux.;Chemise avec poche plaquÃ©e sur la poitrine,manches longues Ã  poignets-Ã  boutons , col classique,boutonnage sur le devant .-;CHEMISE/CHEMISIER;MINIMALISTE FLOWER;DAME;JEUNE DAME;;HAUT;SPORT;POCHE;VIDE;CHEMISE;;;;;;4230000733417;XL;BEIGE CLAIR;79.900;;0.000
HIVER 2021;82216002;CHEMISE FEMME;Chemise à  carreaux.;Chemise avec poche plaquÃ©e sur la poitrine,manches longues Ã  poignets-Ã  boutons , col classique,boutonnage sur le devant .-;CHEMISE/CHEMISIER;MINIMALISTE FLOWER;DAME;JEUNE DAME;;HAUT;SPORT;POCHE;VIDE;CHEMISE;;;;;;4230000733493;XL;ROSE POUDRE;79.900;;0.000
HIVER 2021;82216002;CHEMISE FEMME;Chemise à  carreaux.;Chemise avec poche plaquÃ©e sur la poitrine,manches longues Ã  poignets-Ã  boutons , col classique,boutonnage sur le devant .-;CHEMISE/CHEMISIER;MINIMALISTE FLOWER;DAME;JEUNE DAME;;HAUT;SPORT;POCHE;VIDE;CHEMISE;;;;;;4230000736104;XL;GREIGE/BLEU/MARRON;79.900;;26.000
HIVER 2021;82216002;CHEMISE FEMME;Chemise à  carreaux.;Chemise avec poche plaquÃ©e sur la poitrine,manches longues Ã  poignets-Ã  boutons , col classique,boutonnage sur le devant .-;CHEMISE/CHEMISIER;MINIMALISTE FLOWER;DAME;JEUNE DAME;;HAUT;SPORT;POCHE;VIDE;CHEMISE;;;;;;4230000733424;XXL;BEIGE CLAIR;79.900;;0.000
HIVER 2021;82216002;CHEMISE FEMME;Chemise à  carreaux.;Chemise avec poche plaquÃ©e sur la poitrine,manches longues Ã  poignets-Ã  boutons , col classique,boutonnage sur le devant .-;CHEMISE/CHEMISIER;MINIMALISTE FLOWER;DAME;JEUNE DAME;;HAUT;SPORT;POCHE;VIDE;CHEMISE;;;;;;4230000733509;XXL;ROSE POUDRE;79.900;;0.000
HIVER 2021;82216002;CHEMISE FEMME;Chemise à  carreaux.;Chemise avec poche plaquÃ©e sur la poitrine,manches longues Ã  poignets-Ã  boutons , col classique,boutonnage sur le devant .-;CHEMISE/CHEMISIER;MINIMALISTE FLOWER;DAME;JEUNE DAME;;HAUT;SPORT;POCHE;VIDE;CHEMISE;;;;;;4230000736111;XXL;GREIGE/BLEU/MARRON;79.900;;0.000
HIVER 2021;82216002;CHEMISE FEMME;Chemise à  carreaux.;Chemise avec poche plaquÃ©e sur la poitrine,manches longues Ã  poignets-Ã  boutons , col classique,boutonnage sur le devant .-;CHEMISE/CHEMISIER;MINIMALISTE FLOWER;DAME;JEUNE DAME;;HAUT;SPORT;POCHE;VIDE;CHEMISE;;;;;;4230000733431;XXXL;BEIGE CLAIR;79.900;;0.000
HIVER 2021;82216002;CHEMISE FEMME;Chemise à  carreaux.;Chemise avec poche plaquÃ©e sur la poitrine,manches longues Ã  poignets-Ã  boutons , col classique,boutonnage sur le devant .-;CHEMISE/CHEMISIER;MINIMALISTE FLOWER;DAME;JEUNE DAME;;HAUT;SPORT;POCHE;VIDE;CHEMISE;;;;;;4230000733516;XXXL;ROSE POUDRE;79.900;;0.000
HIVER 2021;82216002;CHEMISE FEMME;Chemise à  carreaux.;Chemise avec poche plaquÃ©e sur la poitrine,manches longues Ã  poignets-Ã  boutons , col classique,boutonnage sur le devant .-;CHEMISE/CHEMISIER;MINIMALISTE FLOWER;DAME;JEUNE DAME;;HAUT;SPORT;POCHE;VIDE;CHEMISE;;;;;;4230000736128;XXXL;GREIGE/BLEU/MARRON;79.900;;0.000
HIVER 2021;82219011;PANTALON FEMME;Jean flare;Pantalon taille haute coupe flaire avec legerement dichere--;JEANS;MINIMALISTE FLOWER;DAME;JEUNE DAME;;BAS;SPORT;COUPE;FLAIRE;JEANS;JEANS;;;;;4230000734100;34;BLEU MOYEN;79.900;;10.000
HIVER 2021;82219011;PANTALON FEMME;Jean flare;Pantalon taille haute coupe flaire avec legerement dichere--;JEANS;MINIMALISTE FLOWER;DAME;JEUNE DAME;;BAS;SPORT;COUPE;FLAIRE;JEANS;JEANS;;;;;4230000734117;36;BLEU MOYEN;79.900;;24.000
HIVER 2021;82219011;PANTALON FEMME;Jean flare;Pantalon taille haute coupe flaire avec legerement dichere--;JEANS;MINIMALISTE FLOWER;DAME;JEUNE DAME;;BAS;SPORT;COUPE;FLAIRE;JEANS;JEANS;;;;;4230000734124;38;BLEU MOYEN;79.900;;25.000
HIVER 2021;82219011;PANTALON FEMME;Jean flare;Pantalon taille haute coupe flaire avec legerement dichere--;JEANS;MINIMALISTE FLOWER;DAME;JEUNE DAME;;BAS;SPORT;COUPE;FLAIRE;JEANS;JEANS;;;;;4230000734131;40;BLEU MOYEN;79.900;;25.000
HIVER 2021;82219011;PANTALON FEMME;Jean flare;Pantalon taille haute coupe flaire avec legerement dichere--;JEANS;MINIMALISTE FLOWER;DAME;JEUNE DAME;;BAS;SPORT;COUPE;FLAIRE;JEANS;JEANS;;;;;4230000734148;42;BLEU MOYEN;79.900;;14.000
HIVER 2021;82219011;PANTALON FEMME;Jean flare;Pantalon taille haute coupe flaire avec legerement dichere--;JEANS;MINIMALISTE FLOWER;DAME;JEUNE DAME;;BAS;SPORT;COUPE;FLAIRE;JEANS;JEANS;;;;;4230000734155;44;BLEU MOYEN;79.900;;12.000
HIVER 2021;82219011;PANTALON FEMME;Jean flare;Pantalon taille haute coupe flaire avec legerement dichere--;JEANS;MINIMALISTE FLOWER;DAME;JEUNE DAME;;BAS;SPORT;COUPE;FLAIRE;JEANS;JEANS;;;;;4230000734162;46;BLEU MOYEN;36.634;;0.000
HIVER 2021;82219011;PANTALON FEMME;Jean flare;Pantalon taille haute coupe flaire avec legerement dichere--;JEANS;MINIMALISTE FLOWER;DAME;JEUNE DAME;;BAS;SPORT;COUPE;FLAIRE;JEANS;JEANS;;;;;4230000734179;48;BLEU MOYEN;36.634;;0.000
HIVER 2021;82219011;PANTALON FEMME;Jean flare;Pantalon taille haute coupe flaire avec legerement dichere--;JEANS;MINIMALISTE FLOWER;DAME;JEUNE DAME;;BAS;SPORT;COUPE;FLAIRE;JEANS;JEANS;;;;;4230000734186;50;BLEU MOYEN;36.634;;0.000
HIVER 2021;82219011;PANTALON FEMME;Jean flare;Pantalon taille haute coupe flaire avec legerement dichere--;JEANS;MINIMALISTE FLOWER;DAME;JEUNE DAME;;BAS;SPORT;COUPE;FLAIRE;JEANS;JEANS;;;;;4230000734193;32;BLEU MOYEN;36.634;;0.000
HIVER 2021;82219012;LEGGING FEMME;Legging taille haute;Legging taille haute avec taille Ã©lastique et coutures sur le devant .--;LEGGING EN MAILLE;MINIMALISTE FLOWER;DAME;JEUNE DAME;;BAS;SPORT;SANS DETAIL;SKINNY FIT;LEGGING;MILANO;;;;;4230000703137;34;NOIR;49.900;;38.000
HIVER 2021;82219012;LEGGING FEMME;Legging taille haute;Legging taille haute avec taille Ã©lastique et coutures sur le devant .--;LEGGING EN MAILLE;MINIMALISTE FLOWER;DAME;JEUNE DAME;;BAS;SPORT;SANS DETAIL;SKINNY FIT;LEGGING;MILANO;;;;;4230000703144;36;NOIR;49.900;;68.000
HIVER 2021;82219012;LEGGING FEMME;Legging taille haute;Legging taille haute avec taille Ã©lastique et coutures sur le devant .--;LEGGING EN MAILLE;MINIMALISTE FLOWER;DAME;JEUNE DAME;;BAS;SPORT;SANS DETAIL;SKINNY FIT;LEGGING;MILANO;;;;;4230000703151;38;NOIR;49.900;;69.000
HIVER 2021;82219012;LEGGING FEMME;Legging taille haute;Legging taille haute avec taille Ã©lastique et coutures sur le devant .--;LEGGING EN MAILLE;MINIMALISTE FLOWER;DAME;JEUNE DAME;;BAS;SPORT;SANS DETAIL;SKINNY FIT;LEGGING;MILANO;;;;;4230000703168;40;NOIR;49.900;;67.000
HIVER 2021;82219012;LEGGING FEMME;Legging taille haute;Legging taille haute avec taille Ã©lastique et coutures sur le devant .--;LEGGING EN MAILLE;MINIMALISTE FLOWER;DAME;JEUNE DAME;;BAS;SPORT;SANS DETAIL;SKINNY FIT;LEGGING;MILANO;;;;;4230000703175;42;NOIR;49.900;;22.000
HIVER 2021;82219012;LEGGING FEMME;Legging taille haute;Legging taille haute avec taille Ã©lastique et coutures sur le devant .--;LEGGING EN MAILLE;MINIMALISTE FLOWER;DAME;JEUNE DAME;;BAS;SPORT;SANS DETAIL;SKINNY FIT;LEGGING;MILANO;;;;;4230000703182;44;NOIR;49.900;;24.000
HIVER 2021;82219012;LEGGING FEMME;Legging taille haute;Legging taille haute avec taille Ã©lastique et coutures sur le devant .--;LEGGING EN MAILLE;MINIMALISTE FLOWER;DAME;JEUNE DAME;;BAS;SPORT;SANS DETAIL;SKINNY FIT;LEGGING;MILANO;;;;;4230000703199;46;NOIR;49.900;;0.000
HIVER 2021;82219012;LEGGING FEMME;Legging taille haute;Legging taille haute avec taille Ã©lastique et coutures sur le devant .--;LEGGING EN MAILLE;MINIMALISTE FLOWER;DAME;JEUNE DAME;;BAS;SPORT;SANS DETAIL;SKINNY FIT;LEGGING;MILANO;;;;;4230000703205;48;NOIR;49.900;;0.000
HIVER 2021;82219012;LEGGING FEMME;Legging taille haute;Legging taille haute avec taille Ã©lastique et coutures sur le devant .--;LEGGING EN MAILLE;MINIMALISTE FLOWER;DAME;JEUNE DAME;;BAS;SPORT;SANS DETAIL;SKINNY FIT;LEGGING;MILANO;;;;;4230000703212;50;NOIR;49.900;;0.000
HIVER 2021;82219012;LEGGING FEMME;Legging taille haute;Legging taille haute avec taille Ã©lastique et coutures sur le devant .--;LEGGING EN MAILLE;MINIMALISTE FLOWER;DAME;JEUNE DAME;;BAS;SPORT;SANS DETAIL;SKINNY FIT;LEGGING;MILANO;;;;;4230000703229;32;NOIR;49.900;;0.000
HIVER 2021;82219054;PANTALON FEMME;;Pantalon PAT , sac en papier et coupe mom fit--;JEANS;MINIMALISTE FLOWER;DAME;JEUNE DAME;;BAS;SPORT;SAC EN PAPIER;MOM FIT;JEANS;JEANS PAT;;;;;4230000740170;34;ECRU;79.900;;34.000
HIVER 2021;82219054;PANTALON FEMME;;Pantalon PAT , sac en papier et coupe mom fit--;JEANS;MINIMALISTE FLOWER;DAME;JEUNE DAME;;BAS;SPORT;SAC EN PAPIER;MOM FIT;JEANS;JEANS PAT;;;;;4230000740187;36;ECRU;79.900;;65.000
HIVER 2021;82219054;PANTALON FEMME;;Pantalon PAT , sac en papier et coupe mom fit--;JEANS;MINIMALISTE FLOWER;DAME;JEUNE DAME;;BAS;SPORT;SAC EN PAPIER;MOM FIT;JEANS;JEANS PAT;;;;;4230000740194;38;ECRU;79.900;;62.000
HIVER 2021;82219054;PANTALON FEMME;;Pantalon PAT , sac en papier et coupe mom fit--;JEANS;MINIMALISTE FLOWER;DAME;JEUNE DAME;;BAS;SPORT;SAC EN PAPIER;MOM FIT;JEANS;JEANS PAT;;;;;4230000740200;40;ECRU;79.900;;65.000
HIVER 2021;82219054;PANTALON FEMME;;Pantalon PAT , sac en papier et coupe mom fit--;JEANS;MINIMALISTE FLOWER;DAME;JEUNE DAME;;BAS;SPORT;SAC EN PAPIER;MOM FIT;JEANS;JEANS PAT;;;;;4230000740217;42;ECRU;79.900;;30.000
HIVER 2021;82219054;PANTALON FEMME;;Pantalon PAT , sac en papier et coupe mom fit--;JEANS;MINIMALISTE FLOWER;DAME;JEUNE DAME;;BAS;SPORT;SAC EN PAPIER;MOM FIT;JEANS;JEANS PAT;;;;;4230000740224;44;ECRU;79.900;;31.000
HIVER 2021;82219054;PANTALON FEMME;;Pantalon PAT , sac en papier et coupe mom fit--;JEANS;MINIMALISTE FLOWER;DAME;JEUNE DAME;;BAS;SPORT;SAC EN PAPIER;MOM FIT;JEANS;JEANS PAT;;;;;4230000740231;46;ECRU;79.900;;0.000
HIVER 2021;82219054;PANTALON FEMME;;Pantalon PAT , sac en papier et coupe mom fit--;JEANS;MINIMALISTE FLOWER;DAME;JEUNE DAME;;BAS;SPORT;SAC EN PAPIER;MOM FIT;JEANS;JEANS PAT;;;;;4230000740248;48;ECRU;79.900;;0.000
HIVER 2021;82219054;PANTALON FEMME;;Pantalon PAT , sac en papier et coupe mom fit--;JEANS;MINIMALISTE FLOWER;DAME;JEUNE DAME;;BAS;SPORT;SAC EN PAPIER;MOM FIT;JEANS;JEANS PAT;;;;;4230000740255;50;ECRU;79.900;;0.000
HIVER 2021;82219054;PANTALON FEMME;;Pantalon PAT , sac en papier et coupe mom fit--;JEANS;MINIMALISTE FLOWER;DAME;JEUNE DAME;;BAS;SPORT;SAC EN PAPIER;MOM FIT;JEANS;JEANS PAT;;;;;4230000740262;32;ECRU;79.900;;0.000
