id,Title,Content,"Image URL","Image Filename","Image Path","Image ID","Image Title","Image Caption","Image Description","Image Alt Text","Image Featured",urlWebSite,createdDate,clientName
519,"Création d'un site web pour : La Griffe","<p class=""title_project""><strong>Création d'un site web dynamique</strong> pour la société La Griffe Internationale</p>
La Griffe, désormais leader de l’étiquetage, anticipe sur les grandes mutations de la filière pour offrir la gamme la plus complète et la plus diversifiée pour satisfaire une clientèle de plus en plus exigeante de par les conditions du marché international.",http://hypermedia.com.tn/wp-content/uploads/2019/01/La-griffe-min.jpg|http://hypermedia.com.tn/wp-content/uploads/2019/01/SMS-Marketing-Feature-Image-1.png,La-griffe-min.jpg|SMS-Marketing-Feature-Image-1.png,/home/hypermed/public_html/wp-content/uploads/2019/01/La-griffe-min.jpg|/home/hypermed/public_html/wp-content/uploads/2019/01/SMS-Marketing-Feature-Image-1.png,1492|523,La-griffe-min|SMS-Marketing-Feature-Image,|,|,|,http://hypermedia.com.tn/wp-content/uploads/2019/01/La-griffe-min.jpg,la-griffe.com,2019,https://la-griffe.com/wp-content/themes/lagriffe/images/logo_la_griffe.gif
525,"e-marketing 11","Le Lorem Ipsum est simplement du faux texte employé dans la composition et la mise en page avant impression. Le Lorem Ipsum est le faux texte standard de l'imprimerie depuis les années 1500, quand un imprimeur anonyme assembla ensemble des morceaux de texte pour réaliser un livre spécimen de polices de texte. Il n'a pas fait que survivre cinq siècles, mais s'est aussi adapté à la bureautique informatique, sans que son contenu n'en soit modifié. Il a été popularisé dans les années 1960 grâce à la vente de feuilles Letraset contenant des passages du Lorem Ipsum, et, plus récemment, par son inclusion dans des applications de mise en page de texte, comme Aldus PageMaker.",http://hypermedia.com.tn/wp-content/uploads/2019/01/SEO-a.png,SEO-a.png,/home/hypermed/public_html/wp-content/uploads/2019/01/SEO-a.png,414,SEO-a,,,,http://hypermedia.com.tn/wp-content/uploads/2019/01/SEO-a.png,,,
526,"ABS Computer",,http://hypermedia.com.tn/wp-content/uploads/2019/01/abs.jpg|http://hypermedia.com.tn/wp-content/uploads/2019/01/abs_face.jpg,abs.jpg|abs_face.jpg,/home/hypermed/public_html/wp-content/uploads/2019/01/abs.jpg|/home/hypermed/public_html/wp-content/uploads/2019/01/abs_face.jpg,1067|1046,abs|abs_face,|,|,|,http://hypermedia.com.tn/wp-content/uploads/2019/01/abs.jpg,https://www.facebook.com/abscomputer.tn/,,
528,"Design Graphique","Le Lorem Ipsum est simplement du faux texte employé dans la composition et la mise en page avant impression. Le Lorem Ipsum est le faux texte standard de l'imprimerie depuis les années 1500, quand un imprimeur anonyme assembla ensemble des morceaux de texte pour réaliser un livre spécimen de polices de texte. Il n'a pas fait que survivre cinq siècles, mais s'est aussi adapté à la bureautique informatique, sans que son contenu n'en soit modifié. Il a été popularisé dans les années 1960 grâce à la vente de feuilles Letraset contenant des passages du Lorem Ipsum, et, plus récemment, par son inclusion dans des applications de mise en page de texte, comme Aldus PageMaker.",,,,,,,,,,,,
942,"Création d'un site web pour : QUATTRO","<p class=""title_project""><strong>Création d'un site web vitrine</strong> pour la société Quattro</p>
L'équipe de Quattro s’occupe de la touche créative et tendance, vous assure un travail sur mesure et personnalisé et vous accompagne dans le choix de toute la boiserie de votre maison à savoir ; les cuisines équipées, les dressings, les portes intérieures et extérieures ainsi que les meubles TV et salle de bain.",http://hypermedia.com.tn/wp-content/uploads/2019/08/Quattro-min.jpg,Quattro-min.jpg,/home/hypermed/public_html/wp-content/uploads/2019/08/Quattro-min.jpg,1491,Quattro-min,,,,http://hypermedia.com.tn/wp-content/uploads/2019/08/Quattro-min.jpg,www.quattro.tn,2019,http://quattro.tn/wp-content/uploads/2018/09/logo_quattro-2.gif
953,"Création d'un site web pour: Urban Car","<p class=""title_project""><strong>Création d'un site web dynamique</strong> pour Urban Car</p>
Le concessionnaire automobile de luxe URBAN CARS, implanté en France, est spécialisé dans la vente de véhicules.",http://hypermedia.com.tn/wp-content/uploads/2019/08/urbancar-min.jpg,urbancar-min.jpg,/home/hypermed/public_html/wp-content/uploads/2019/08/urbancar-min.jpg,923,urbancar-min,,,,http://hypermedia.com.tn/wp-content/uploads/2019/08/urbancar-min.jpg,www.urbancar37.com,2019,http://hypermedia.com.tn/wp-content/uploads/2019/08/logo-urbancar37.jpg
956,"Création d'un site web pour : Groupe Concept Engineering","<p class=""title_project""><strong>Création d'un site web vitrine</strong> pour la société Groupe Concept Engineering</p>
CONCEPT Engineering.Breizh est un bureau d’études techniques pluridisciplinaire indépendant de 3 salariés créé le 8 juin 2017 à Ergué-Gabéric sous forme d’une SAS. La société est dirigée par Monsieur Ayman FAKHFAKH. Concept Engineering.Breizh est identifié comme spécialiste de la conception de bâtiments de haute technicité sur la région bretonne. L’entreprise dispose de deux locaux : un à Quimper et un autre à Douarnenez.",http://hypermedia.com.tn/wp-content/uploads/2019/08/Concept-Engineering-min.jpg,Concept-Engineering-min.jpg,/home/hypermed/public_html/wp-content/uploads/2019/08/Concept-Engineering-min.jpg,1488,Concept-Engineering-min,,,,http://hypermedia.com.tn/wp-content/uploads/2019/08/Concept-Engineering-min.jpg,www.concept-engineering.fr/,2018,https://concept-engineering.fr/wp-content/themes/concept/images/logo.png
958,"Création d'un site web pour les Suites Hôtel Les Charmilles","<p class=""title_project""><strong>Création d'un site web dynamique</strong> pour les Suites Hôtel Les Charmilles & Spa</p>
Suites Hôtel Les Charmilles & Spa sont situés au parc hôtelier de 9 hectares, en bordure de mer de Carthage Thalasso Resort, dans la banlieue résidentielle de Tunis, sur les côtes de Carthage, pieds dans l'eau, à 20 mn de l'Aéroport International de Tunis-Carthage, la ville historique de Carthage est à 7 km, Sidi Bou Said est à 8 km, 20 km du centre-ville de Tunis et à 15 mn des espaces des principaux centres de foires et expositions et en face du centre commerciale Gammarth Center.",http://hypermedia.com.tn/wp-content/uploads/2019/08/suites-hotelles-charmilles-min.jpg,suites-hotelles-charmilles-min.jpg,/home/hypermed/public_html/wp-content/uploads/2019/08/suites-hotelles-charmilles-min.jpg,1486,suites-hotelles-charmilles-min,,,,http://hypermedia.com.tn/wp-content/uploads/2019/08/suites-hotelles-charmilles-min.jpg,www.suiteshotellescharmilles.com,2019,http://suiteshotellescharmilles.com/wp-content/uploads/2018/09/logo_suite_charmilles-3.jpg
959,"Création d'un site web pour :Abs Computer","<p class=""title_project""><strong>Création d'un site web dynamique</strong> pour la société ABS Computer</p>
Depuis plus de 23 ans, ABS COMPUTER a eu pour mission de concevoir et de développer des logiciels de gestion professionnels, en mettant en œuvre les meilleures solutions technologiques adaptées aux besoins du marché et à ses impératifs. Depuis sa création, ABS COMPUTER a eu pour vocation d’être leader dans ce domaine et le meilleur partenaire informatique de ses clients à travers ses services de haute qualité fournis.",http://hypermedia.com.tn/wp-content/uploads/2019/08/ABS-min.jpg,ABS-min.jpg,/home/hypermed/public_html/wp-content/uploads/2019/08/ABS-min.jpg,1484,ABS-min,,,,http://hypermedia.com.tn/wp-content/uploads/2019/08/ABS-min.jpg,www.abscomputer.tn,2019,https://abscomputer.tn/wp-content/themes/abs/images/logo.png
960,"Création d'un site web pour :BMMS","<p class=""title_project""><strong>Création d'un site web dynamique</strong> pour la société BMMS</p>
L’entreprise « Bouslama Mohamed Mécanique Service » a été créé en 2007, dynamique et visant la perfection et l’excellence dans les produits et les services qu’elle procure au marché. BMMS est le représentant officiel de l’un des leaders mondiaux dans le domaine de l’air comprimé « GARDNER DENVER », elle assure la commercialisation, la vente et le service après-vente des équipements de cette gamme.

",http://hypermedia.com.tn/wp-content/uploads/2019/08/BMMS-min.jpg,BMMS-min.jpg,/home/hypermed/public_html/wp-content/uploads/2019/08/BMMS-min.jpg,1482,BMMS-min,,,,http://hypermedia.com.tn/wp-content/uploads/2019/08/BMMS-min.jpg,www.ste-bmms.com,2018,https://ste-bmms.com/wp-content/themes/bmms/images/logo.png
961,"Création d'un site web pour :Baitik","<p class=""title_project""><strong>Création d'un site web sur mesure</strong> pour la plateforme BAITIK</p>
Baitik est une plateforme intelligente et interactive pour les Architectes, Architectes d’intérieur, promoteurs, entrepreneurs, entreprises, amoureux de la décoration...",http://hypermedia.com.tn/wp-content/uploads/2019/08/baitik-min.jpg,baitik-min.jpg,/home/hypermed/public_html/wp-content/uploads/2019/08/baitik-min.jpg,926,baitik-min,,,,http://hypermedia.com.tn/wp-content/uploads/2019/08/baitik-min.jpg,www.baitik.com,2019,http://baitik.com/wp-content/uploads/2017/11/logo_footer.png
962,"Création d'un site web pour : SODET","<p class=""title_project""><strong>Création d'un site web dynamique</strong> pour la société SODET</p>
La société de détergents de Tunisie « SODET », créée en 1999 et entrée en production en novembre 2001, est devenue au fil des années l’un des leaders en Tunisie dans la fabrication et la vente de produits détergents et d’entretien de la maison.",http://hypermedia.com.tn/wp-content/uploads/2019/08/Sodet-min.jpg,Sodet-min.jpg,/home/hypermed/public_html/wp-content/uploads/2019/08/Sodet-min.jpg,1479,Sodet-min,,,,http://hypermedia.com.tn/wp-content/uploads/2019/08/Sodet-min.jpg,www.sodet.com.tn,2017,https://sodet.com.tn/wp-content/themes/sodet/assets/img/sodet/logo_sodet.gif
963,"Création d'un site web pour : CIS Confection","<p class=""title_project""><strong>Création d'un site web vitrine</strong> pour la société CIS Confection</p>
CIS Confection est une société spécialisée dans la confection de lingerie et de maillot de bain en Tunisie. Nous opèrons dans le domaine de la sous-traitance, de la co-traitance et des produits finis. A travers ses 4 sites (2 à Sfax - 2 à El Amra), et ses 900 opérateurs, CIS Dispose d'une capacité de production de 20 000 Pièces/jour.L'écoute du client, le respect des délais de livraison et la conformité des exigences qualitatives sont un atout majeur qui ont contribué à la progression de la CIS, et lui a permis de gagner la confiance de diverses renommées internationales.",http://hypermedia.com.tn/wp-content/uploads/2019/08/cis-min.jpg,cis-min.jpg,/home/hypermed/public_html/wp-content/uploads/2019/08/cis-min.jpg,931,cis-min,,,,http://hypermedia.com.tn/wp-content/uploads/2019/08/cis-min.jpg,www.cisconfection.com,2016,http://cisconfection.com/wp-content/themes/cis/img/logo.png
964,"Création d'un site web pour :Business Software","<p class=""title_project""><strong>Création d'un site web vitrine</strong> pour la société BUSINESS SOFTWARE</p>
BUSINESS SOFTWARE est une société spécialisée dans la création et le développement des outils et solutions de management pour optimiser le contrôle, le suivi et la prospection instantanée du processus.",http://hypermedia.com.tn/wp-content/uploads/2019/08/busines-software-min.jpg,busines-software-min.jpg,/home/hypermed/public_html/wp-content/uploads/2019/08/busines-software-min.jpg,1476,busines-software-min,,,,http://hypermedia.com.tn/wp-content/uploads/2019/08/busines-software-min.jpg,www.businessoftware.com.tn,2019,https://businessoftware.com.tn/wp-content/themes/business/images/logo/logo.png
965,"Création d'un site web pour: Golden Cars","<p class=""title_project""><strong>Création d'un site web dynamique</strong> pour GOLDEN CARS</p>
Le concessionnaire automobile de luxe GOLDEN CARS, implanté à Tunis, est spécialisé dans la vente de véhicules haut de gamme.",http://hypermedia.com.tn/wp-content/uploads/2019/08/goldencar-min.jpg,goldencar-min.jpg,/home/hypermed/public_html/wp-content/uploads/2019/08/goldencar-min.jpg,935,goldencar-min,,,,http://hypermedia.com.tn/wp-content/uploads/2019/08/goldencar-min.jpg,www.goldencars.com.tn,2019,https://goldencars.com.tn/wp-content/themes/goldencar/images/logo-golden-cars.png
966,"Création d'un site web pour : RSE Vision","<p class=""title_project""><strong>Création d'un site web vitrine</strong> pour RSE Vision</p>
RSE Vision est un cabinet d’audit et de conseil spécialisé en Responsabilité Sociétale des Entreprises et en Développement Durable. Nous accompagnons nos partenaires à créer de la valeur en s’appropriant efficacement les principes de la RSE.",http://hypermedia.com.tn/wp-content/uploads/2019/08/RSE-vision-min.jpg,RSE-vision-min.jpg,/home/hypermed/public_html/wp-content/uploads/2019/08/RSE-vision-min.jpg,1443,RSE-vision-min,,,,http://hypermedia.com.tn/wp-content/uploads/2019/08/RSE-vision-min.jpg,www.rse-vision.com,2017,https://rse-vision.com/wp-content/themes/rse/images/logo/rse_vison.png
967,"Création d'un site web pour : Habitat","<p class=""title_project""><strong>Création d'un site web e-commerce</strong> pour la société Habitat</p>
Fondée en 1994, la société Habitat est le pionnier tunisien dans le domaine des portes de sécurité. Elle réalise des produits toujours innovants du point de vue technologique. Elle conjugue sécurité et design dans une vaste gamme de portes et de menuiseries. Cela lui a permis de s’affirmer en tant que société la plus innovante du secteur du point de vue technologique.",http://hypermedia.com.tn/wp-content/uploads/2019/08/Habitat-min.jpg,Habitat-min.jpg,/home/hypermed/public_html/wp-content/uploads/2019/08/Habitat-min.jpg,1441,Habitat-min,,,,http://hypermedia.com.tn/wp-content/uploads/2019/08/Habitat-min.jpg,www.habitat-tn.com,2015,http://hypermedia.fr/wp-content/uploads/2016/10/habitat_logo3.png
968,"Création d'un site web pour : Faleh Khaless","<p class=""title_project""><strong>Création d'un site web dynamique</strong> pour le musicien Faleh Khaless</p>
Faleh was born in Morocco in 1990, and grew up studying music in Tunisia, where he specialized in Arabic music interpretation to be best known for his success in playing ""Oud"".

",http://hypermedia.com.tn/wp-content/uploads/2019/08/Faleh-Khaless-min.jpg,Faleh-Khaless-min.jpg,/home/hypermed/public_html/wp-content/uploads/2019/08/Faleh-Khaless-min.jpg,1439,Faleh-Khaless-min,,,,http://hypermedia.com.tn/wp-content/uploads/2019/08/Faleh-Khaless-min.jpg,www.falehkhaless.com,2019,
970,"Création d'un site web pour : EPI","<p class=""title_project""><strong>Création d'un site web vitrine</strong> pour la société EPI.</p><br>
Forte de plus de 25 ans d’expérience, l’entreprise du progrès industriel EPI est le leader en Tunisie à avoir gardé par excellence la triple compétence à savoir la conception, la fabrication de moules et l’injection plastique.",http://hypermedia.com.tn/wp-content/uploads/2019/08/epi-moule-min.jpg,epi-moule-min.jpg,/home/hypermed/public_html/wp-content/uploads/2019/08/epi-moule-min.jpg,1437,epi-moule-min,,,,http://hypermedia.com.tn/wp-content/uploads/2019/08/epi-moule-min.jpg,www.epimoule.com,2018,https://epimoule.com/wp-content/themes/epi/assets/images/logo-epi.png
972,"Création d'un site web pour : Casabella","<strong>Création d'un site web dynamique</strong> pour la société immobilière Casabella.<br>
CasaBella est une société immobilière agréée par l’état, l’agence CasaBella, située dans la zone touristique de Sousse est bien implantée dans la région. Reconnue pour son sérieux, la sélection de ses offres et la fidélité de ses clients et grâce à sa parfaite connaissance du secteur, l’agence CasaBella vous conseille pour la location, l’achat, la vente de tout type de bien immobilier (résidentiel, commercial, terrain…).",http://hypermedia.com.tn/wp-content/uploads/2019/08/immobiliere-casabella-1.jpg,immobiliere-casabella-1.jpg,/home/hypermed/public_html/wp-content/uploads/2019/08/immobiliere-casabella-1.jpg,1436,immobiliere-casabella-1,,,,http://hypermedia.com.tn/wp-content/uploads/2019/08/immobiliere-casabella-1.jpg,www.immobiliere-casabella.com/,2016,http://immobiliere-casabella.com/wp-content/uploads/2016/03/logo-casa.png
973,"Création d'un site web pour : AFEM","<strong>Création d'un site web dynamique</strong> pour la société Sotramet.<br>
AFEM est une société tunisienne dans le domaine de la fabrication des candélabres, des poteaux, des mâts et des portes drapeaux, adoptant une technologie de pointe au service de l’environnement et de la sécurité. Nous espérons enrichir notre gamme suivant les demandes de nos clients.",http://hypermedia.com.tn/wp-content/uploads/2019/08/afem-min.jpg,afem-min.jpg,/home/hypermed/public_html/wp-content/uploads/2019/08/afem-min.jpg,925,afem-min,,,,http://hypermedia.com.tn/wp-content/uploads/2019/08/afem-min.jpg,www.afem.com.tn,2018,https://afem.com.tn/wp-content/uploads/2018/05/afem-fr-logo.png
974,"Création d'un site web pour : Space Of Wisdom","<strong>Création d'un site web dynamique</strong> pourle centre de formation de Langues et de la Formation Professionnelle ""Space Of Wisdom"".<br>
«The Space of Wisdom » a été fondé en septembre 2006 par une équipe de spécialistes et d’universitaires en langues. Depuis, il s’est imposé comme l’un des principaux intervenants dans l’enseignement des langues étrangères sur le marché national de formation en Tunisie.",http://hypermedia.com.tn/wp-content/uploads/2019/08/Space-of-wisdom-min.jpg,Space-of-wisdom-min.jpg,/home/hypermed/public_html/wp-content/uploads/2019/08/Space-of-wisdom-min.jpg,1433,Space-of-wisdom-min,,,,http://hypermedia.com.tn/wp-content/uploads/2019/08/Space-of-wisdom-min.jpg,www.spaceofwisdom.tn,2017,https://spaceofwisdom.tn/wp-content/themes/space/assets/images/accueil/logo-the-speace-of-wisdom1.png
976,"Création d'un site web pour : SOTRIM","<strong>Création d'un site web dynamique</strong> pour la société SOTRIM.<br>
Sotrim est une société intervient dans la location de grue mobile, grue routière, des chariots élévateurs pour tous vos travaux de manutention en Tunisie.",http://hypermedia.com.tn/wp-content/uploads/2019/08/sotrim-min.jpg|http://hypermedia.com.tn/wp-content/uploads/2019/08/sotrim-min-1.jpg,sotrim-min.jpg|sotrim-min-1.jpg,/home/hypermed/public_html/wp-content/uploads/2019/08/sotrim-min.jpg|/home/hypermed/public_html/wp-content/uploads/2019/08/sotrim-min-1.jpg,921|1431,sotrim-min|sotrim-min,|,|,|,http://hypermedia.com.tn/wp-content/uploads/2019/08/sotrim-min.jpg,www.sotrim.tn,2018,http://sotrim.tn/wp-content/themes/sotrim/assets/images/logo_sotrim.png
977,"Création d'un site web pour : SOTRAMET","<strong>Création d'un site web dynamique</strong> pour la société Sotramet.<br>
Sotramet est société spécialisée dans la fabrication des machines de pointe et des solutions complètes pour l’industrie de manutention.<br>
Depuis sa création en 2009 par Mr Tarek Sellami, SOTRAMET développe et fabrique des machines de pointe et des solutions complètes pour l’industrie de manutentionner et transformer des produits poudreux ou granuleux et cherche à conquérir les marchés étrangers avec sa perfection qualifiée.",http://hypermedia.com.tn/wp-content/uploads/2019/08/Sotramet-min.jpg,Sotramet-min.jpg,/home/hypermed/public_html/wp-content/uploads/2019/08/Sotramet-min.jpg,1429,Sotramet-min,,,,http://hypermedia.com.tn/wp-content/uploads/2019/08/Sotramet-min.jpg,www.sotramet.com,2018,https://sotramet.com/wp-content/themes/sotramet/images/logo_sotramet.png
996,"Société Besbes Aluminium",,http://hypermedia.com.tn/wp-content/uploads/2019/08/besbes.jpg|http://hypermedia.com.tn/wp-content/uploads/2019/08/besbes8fqce.jpg,besbes.jpg|besbes8fqce.jpg,/home/hypermed/public_html/wp-content/uploads/2019/08/besbes.jpg|/home/hypermed/public_html/wp-content/uploads/2019/08/besbes8fqce.jpg,1066|1047,besbes|besbes8fqce,|,|,|,http://hypermedia.com.tn/wp-content/uploads/2019/08/besbes.jpg,https://www.facebook.com/BesbesAluminium/,,
1013,"Kasem Electronic",,http://hypermedia.com.tn/wp-content/uploads/2019/08/kacem-1.jpg|http://hypermedia.com.tn/wp-content/uploads/2019/08/Kasem_Face.jpg,kacem-1.jpg|Kasem_Face.jpg,/home/hypermed/public_html/wp-content/uploads/2019/08/kacem-1.jpg|/home/hypermed/public_html/wp-content/uploads/2019/08/Kasem_Face.jpg,1065|1044,kacem|Kasem_Face,|,|,|,http://hypermedia.com.tn/wp-content/uploads/2019/08/kacem-1.jpg,https://www.facebook.com/KACEMElectronic/,,
1030,Opera,,http://hypermedia.com.tn/wp-content/uploads/2019/08/opera.png|http://hypermedia.com.tn/wp-content/uploads/2019/08/Opera_face.jpg,opera.png|Opera_face.jpg,/home/hypermed/public_html/wp-content/uploads/2019/08/opera.png|/home/hypermed/public_html/wp-content/uploads/2019/08/Opera_face.jpg,1064|1045,opera|Opera_face,|,|,|,http://hypermedia.com.tn/wp-content/uploads/2019/08/opera.png,https://www.facebook.com/operapalace.sfax/,,
1031,"Karray Quartz",,http://hypermedia.com.tn/wp-content/uploads/2020/04/karray-quartz.jpg|http://hypermedia.com.tn/wp-content/uploads/2019/08/karray_face.jpg|http://hypermedia.com.tn/wp-content/uploads/2019/08/kacem.jpg,karray-quartz.jpg|karray_face.jpg|kacem.jpg,/home/hypermed/public_html/wp-content/uploads/2020/04/karray-quartz.jpg|/home/hypermed/public_html/wp-content/uploads/2019/08/karray_face.jpg|/home/hypermed/public_html/wp-content/uploads/2019/08/kacem.jpg,1668|1049|1063,karray-quartz|karray_face|kacem,||,||,||,http://hypermedia.com.tn/wp-content/uploads/2020/04/karray-quartz.jpg,https://www.facebook.com/Marbrerie.Karray/,,
1068,"One Gym",,http://hypermedia.com.tn/wp-content/uploads/2019/09/one-gym.png,one-gym.png,/home/hypermed/public_html/wp-content/uploads/2019/09/one-gym.png,1069,one-gym,,,,http://hypermedia.com.tn/wp-content/uploads/2019/09/one-gym.png,https://www.facebook.com/onegymsfax/,,
1086,"Secret to success",,http://hypermedia.com.tn/wp-content/uploads/2019/09/secret.png|http://hypermedia.com.tn/wp-content/uploads/2019/09/64411564_2180212632092601_1361871916960317440_n.jpg|http://hypermedia.com.tn/wp-content/uploads/2019/09/67777506_2252929348154262_2542695028065566720_n.jpg|http://hypermedia.com.tn/wp-content/uploads/2019/09/68779197_2286050768175453_8415532050466996224_n.jpg|http://hypermedia.com.tn/wp-content/uploads/2019/09/69242689_2279036532210210_5427767578904756224_n.jpg,secret.png|64411564_2180212632092601_1361871916960317440_n.jpg|67777506_2252929348154262_2542695028065566720_n.jpg|68779197_2286050768175453_8415532050466996224_n.jpg|69242689_2279036532210210_5427767578904756224_n.jpg,/home/hypermed/public_html/wp-content/uploads/2019/09/secret.png|/home/hypermed/public_html/wp-content/uploads/2019/09/64411564_2180212632092601_1361871916960317440_n.jpg|/home/hypermed/public_html/wp-content/uploads/2019/09/67777506_2252929348154262_2542695028065566720_n.jpg|/home/hypermed/public_html/wp-content/uploads/2019/09/68779197_2286050768175453_8415532050466996224_n.jpg|/home/hypermed/public_html/wp-content/uploads/2019/09/69242689_2279036532210210_5427767578904756224_n.jpg,1091|1087|1088|1089|1090,secret|64411564_2180212632092601_1361871916960317440_n|67777506_2252929348154262_2542695028065566720_n|68779197_2286050768175453_8415532050466996224_n|69242689_2279036532210210_5427767578904756224_n,||||,||||,||||,http://hypermedia.com.tn/wp-content/uploads/2019/09/secret.png,https://www.facebook.com/S2SCS/,,
1102,"Smoke House",,http://hypermedia.com.tn/wp-content/uploads/2019/09/smokehousee.png,smokehousee.png,/home/hypermed/public_html/wp-content/uploads/2019/09/smokehousee.png,1103,smokehousee,,,,http://hypermedia.com.tn/wp-content/uploads/2019/09/smokehousee.png,https://www.facebook.com/deli.smoke.house/,,
1104,"Promo Cash",,http://hypermedia.com.tn/wp-content/uploads/2019/09/promo_Cash_face.png,promo_Cash_face.png,/home/hypermed/public_html/wp-content/uploads/2019/09/promo_Cash_face.png,1105,promo_Cash_face,,,,http://hypermedia.com.tn/wp-content/uploads/2019/09/promo_Cash_face.png,https://www.facebook.com/promocash.sfax/,,
1107,"Vidéo de Présentation de la société ""OCEAN""",,http://hypermedia.com.tn/wp-content/uploads/2019/09/ocean_video.jpg,ocean_video.jpg,/home/hypermed/public_html/wp-content/uploads/2019/09/ocean_video.jpg,1108,ocean_video,,,,http://hypermedia.com.tn/wp-content/uploads/2019/09/ocean_video.jpg,,,
1110,"Vidéo de Présentation la société ""La Griffe""",,http://hypermedia.com.tn/wp-content/uploads/2019/09/griffe-video.jpg,griffe-video.jpg,/home/hypermed/public_html/wp-content/uploads/2019/09/griffe-video.jpg,1111,griffe-video,,,,http://hypermedia.com.tn/wp-content/uploads/2019/09/griffe-video.jpg,,,
1112,"Vidéo de la cérémonie du projet FIRST by USAID",,http://hypermedia.com.tn/wp-content/uploads/2019/09/usaid-video2.jpg,usaid-video2.jpg,/home/hypermed/public_html/wp-content/uploads/2019/09/usaid-video2.jpg,1113,usaid-video2,,,,http://hypermedia.com.tn/wp-content/uploads/2019/09/usaid-video2.jpg,,,
1114,"""USAID"" Participation in JES 2018",,http://hypermedia.com.tn/wp-content/uploads/2019/09/usaid-video.jpg,usaid-video.jpg,/home/hypermed/public_html/wp-content/uploads/2019/09/usaid-video.jpg,1115,usaid-video,,,,http://hypermedia.com.tn/wp-content/uploads/2019/09/usaid-video.jpg,,,
1116,"Vidéo de Présentation de la société ""ITC""",,http://hypermedia.com.tn/wp-content/uploads/2019/09/Sans-titre-1-1.jpg|http://hypermedia.com.tn/wp-content/uploads/2019/09/itc_video.jpg|http://hypermedia.com.tn/wp-content/uploads/2019/09/itc_video-1.jpg,Sans-titre-1-1.jpg|itc_video.jpg|itc_video-1.jpg,/home/hypermed/public_html/wp-content/uploads/2019/09/Sans-titre-1-1.jpg|/home/hypermed/public_html/wp-content/uploads/2019/09/itc_video.jpg|/home/hypermed/public_html/wp-content/uploads/2019/09/itc_video-1.jpg,1136|1117|1135,Sans-titre-1|itc_video|itc_video,||,||,||,http://hypermedia.com.tn/wp-content/uploads/2019/09/Sans-titre-1-1.jpg,,,
1118,"Vidéo de Présentation CIS",,http://hypermedia.com.tn/wp-content/uploads/2019/09/cis-confection-1.jpg,cis-confection-1.jpg,/home/hypermed/public_html/wp-content/uploads/2019/09/cis-confection-1.jpg,1119,cis-confection-1,,,,http://hypermedia.com.tn/wp-content/uploads/2019/09/cis-confection-1.jpg,,,
1120,"""Mainstreet"" Realestate",,http://hypermedia.com.tn/wp-content/uploads/2019/09/Sans-titre-1.jpg|http://hypermedia.com.tn/wp-content/uploads/2019/09/real-estate.jpg,Sans-titre-1.jpg|real-estate.jpg,/home/hypermed/public_html/wp-content/uploads/2019/09/Sans-titre-1.jpg|/home/hypermed/public_html/wp-content/uploads/2019/09/real-estate.jpg,1134|1121,Sans-titre-1|real-estate,|,|,|,http://hypermedia.com.tn/wp-content/uploads/2019/09/Sans-titre-1.jpg,,,
1122,"Vidéo de présentation de la société ""SIAF""",,http://hypermedia.com.tn/wp-content/uploads/2019/09/siaf-video.jpg,siaf-video.jpg,/home/hypermed/public_html/wp-content/uploads/2019/09/siaf-video.jpg,1123,siaf-video,,,,http://hypermedia.com.tn/wp-content/uploads/2019/09/siaf-video.jpg,,,
1124,"Vidéo de Présentation de la société ""Shopline""",,http://hypermedia.com.tn/wp-content/uploads/2019/09/shopline.jpg,shopline.jpg,/home/hypermed/public_html/wp-content/uploads/2019/09/shopline.jpg,1125,shopline,,,,http://hypermedia.com.tn/wp-content/uploads/2019/09/shopline.jpg,,,
1128,"Vidéo de Présentation du concept ""Tribal Deal""",,http://hypermedia.com.tn/wp-content/uploads/2019/09/tribaldeal.jpg,tribaldeal.jpg,/home/hypermed/public_html/wp-content/uploads/2019/09/tribaldeal.jpg,1129,tribaldeal,,,,http://hypermedia.com.tn/wp-content/uploads/2019/09/tribaldeal.jpg,,,
1130,"Vidéo de Présentation de la société ""My Store""",,http://hypermedia.com.tn/wp-content/uploads/2019/09/MyStore.jpg,MyStore.jpg,/home/hypermed/public_html/wp-content/uploads/2019/09/MyStore.jpg,1131,MyStore,,,,http://hypermedia.com.tn/wp-content/uploads/2019/09/MyStore.jpg,,,
1132,"Vidéo témoignage - ""Space Of Wisdom""",,http://hypermedia.com.tn/wp-content/uploads/2019/09/The-space-of-widom.jpg,The-space-of-widom.jpg,/home/hypermed/public_html/wp-content/uploads/2019/09/The-space-of-widom.jpg,1133,The-space-of-widom,,,,http://hypermedia.com.tn/wp-content/uploads/2019/09/The-space-of-widom.jpg,,,
1511,"Création d'un site web pour : Hypersoft","<strong>Création d'un site web vitrine</strong> pour la société Hypersoft.<br>
HYPERSOFT est une société Tunisienne, implantée à Sfax depuis 2014. Elle est spécialisée dans le développement des nouvelles technologies de l’information et des systèmes embarqués.<br>
Depuis sa création, HYPERSOFT utilise les nouvelles tendances technologiques pour fournir des solutions logicielles et matérielles ingénieuses. La société dispose d’experts et de compétences formant un potentiel technique et managériale.",http://hypermedia.com.tn/wp-content/uploads/2020/03/Hypersoft-min.jpg,Hypersoft-min.jpg,/home/hypermed/public_html/wp-content/uploads/2020/03/Hypersoft-min.jpg,1512,Hypersoft,,,,http://hypermedia.com.tn/wp-content/uploads/2020/03/Hypersoft-min.jpg,hypersoft.com.tn,2020,http://hypersoft.com.tn/wp-content/themes/amh/images/hypersoft-logo.png
1513,"Création d'un site web pour : SOMABE","<strong>Création d'un site web dynamique</strong> pour la société Somabe.<br>
SOMABE est un fournisseur de solutions de systèmes photovoltaïques (PV). Il propose une gamme complète de solutions : raccordé réseau, site isolé, pompage solaire et éclairage public.<br>
Sa mission est de fournir les solutions énergétiques les plus adaptés techniquement et financièrement avec la meilleure qualité de produits et de services",http://hypermedia.com.tn/wp-content/uploads/2020/03/somab.jpg,somab.jpg,/home/hypermed/public_html/wp-content/uploads/2020/03/somab.jpg,1514,somab,,,,http://hypermedia.com.tn/wp-content/uploads/2020/03/somab.jpg,somabe.com.tn,2019,https://somabe.com.tn/wp-content/themes/somabe/images/logo_somabe.png
1515,"Création d'un site web pour : Planete Informatique","<strong>Création d'un site web E-commerce</strong> pour la société Planete informatique.<br>
Planete informatique est un site e-commerce spécialisé dans la vente en ligne de matériel informatique, des smartphones et accessoires informatique.<br>
Avec plus que 900 produits, Planete informatique met à la disposition de ses clients une large gamme de produits et d'accessoires et assure sa livraison sur toute la Tunisie",http://hypermedia.com.tn/wp-content/uploads/2020/03/Planet-informatique-min.jpg,Planet-informatique-min.jpg,/home/hypermed/public_html/wp-content/uploads/2020/03/Planet-informatique-min.jpg,1516,Planet-informatique-min,,,,http://hypermedia.com.tn/wp-content/uploads/2020/03/Planet-informatique-min.jpg,planete-informatique.tn,2019,https://planete-informatique.tn/planet-xp/wp-content/uploads/2019/08/logoPlqnet.png
1517,"Création d'un site web pour : Bhavani Pack","<strong>Création d'un site web vitirne</strong> pour la société Bhavani Tech Pack.<br>
Bhavani Tech Pack est l'un des principaux producteurs indiens et mondiaux d'emballages, de pâtes et papiers, avec 1 000 employés gérant sa dynamique commerciale et ses intérêts dans tout le pays.",http://hypermedia.com.tn/wp-content/uploads/2020/03/Bhavani-techpack-min.jpg,Bhavani-techpack-min.jpg,/home/hypermed/public_html/wp-content/uploads/2020/03/Bhavani-techpack-min.jpg,1518,Bhavani-techpack-min,,,Bhavani-techpack,http://hypermedia.com.tn/wp-content/uploads/2020/03/Bhavani-techpack-min.jpg,bhavanitechpack.com,2019,http://hypermedia.com.tn/wp-content/uploads/2020/03/bhavani-logo.png
1519,"Création d'un site web pour : Pépinière El amen","<strong>Création d'un site web catalogue</strong> pour la société Pépinière El amen.<br>
Pépinière El amen est une pépinière spécialiste dans la distribution des meilleurs plants d’oliviers, Fruitiers et d’agrumes. Son objectif est d'êtres pionnier en proposant des variétés innovantes et d’offrir à ses clients une qualité génétique et sanitaire parfaite.",http://hypermedia.com.tn/wp-content/uploads/2020/03/pepinere-el-amen-min.jpg,pepinere-el-amen-min.jpg,/home/hypermed/public_html/wp-content/uploads/2020/03/pepinere-el-amen-min.jpg,1520,pepinere-el-amen-min,,,,http://hypermedia.com.tn/wp-content/uploads/2020/03/pepinere-el-amen-min.jpg,pepiniere-elamen.com,2019,http://pepiniere-elamen.com/wp-content/uploads/2019/09/logo-2.png
1524,"Création d'un site web pour : Shopline","<strong>Création d'un site web E-commerce</strong> pour la société Shopline.<br>
Shopline est un site de vente en ligne d'épiceries, des produits frais et des produits d’hygiène et assure sa distribution dans la région de Sfax - Tunisie  ",http://hypermedia.com.tn/wp-content/uploads/2020/03/shopline-min.jpg,shopline-min.jpg,/home/hypermed/public_html/wp-content/uploads/2020/03/shopline-min.jpg,1525,shopline-min,,,shopline,http://hypermedia.com.tn/wp-content/uploads/2020/03/shopline-min.jpg,shopline.tn,2019,http://shopline.tn/wp-content/uploads/2019/07/logo.png
1526,"Création d'un site web pour : Besbes Aluminium","<strong>Création d'un site web vitrine</strong> pour la société Besbes Aluminium.<br>
La société Besbes Aluminium est une menuiserie aluminium spécialisée dans la fabrication et de la pose des portes et fenêtres métallique en aluminium depuis l’année 2000",http://hypermedia.com.tn/wp-content/uploads/2020/03/ALU-Slim-besbes-min.jpg,ALU-Slim-besbes-min.jpg,/home/hypermed/public_html/wp-content/uploads/2020/03/ALU-Slim-besbes-min.jpg,1527,ALU-Slim-besbes-min,,,ALU-Slim-besbes,http://hypermedia.com.tn/wp-content/uploads/2020/03/ALU-Slim-besbes-min.jpg,besbes-aluminium.tn,2019,https://besbes-aluminium.tn/wp-content/themes/besbes/img-besbes/logo-ste-besbess.png
1528,"Création d'un site web pour : Ceylan","<strong>Création d'un site web vitrine</strong> pour la société Ceylan.<br>
Ceylan est une marque leader sur le marché local dans la technique de production d’eau chaude depuis 2010, Ceylan fabrique des produits fiables et éprouvés avec un objectif de fournir un produit de qualité avec un prix convenable.",http://hypermedia.com.tn/wp-content/uploads/2020/03/Cyelan-min.jpg,Cyelan-min.jpg,/home/hypermed/public_html/wp-content/uploads/2020/03/Cyelan-min.jpg,1529,Cyelan-min,,,,http://hypermedia.com.tn/wp-content/uploads/2020/03/Cyelan-min.jpg,ceylan.tn,2019,http://hypermedia.com.tn/wp-content/uploads/2020/03/ceylan-logo.png
1531,"Création d'un site web pour : Irec","<strong>Création d'un site web dynamique </strong> pour Irec.<br>
Le Congrès International des Énergies Renouvelables (IREC) fournit un forum pour les chercheurs, les académiciens, les scientifiques et les professionnels de l'industrie à travers le monde sur les développements récents dans les domaines des énergies renouvelables.
",http://hypermedia.com.tn/wp-content/uploads/2020/03/IREC-min.jpg,IREC-min.jpg,/home/hypermed/public_html/wp-content/uploads/2020/03/IREC-min.jpg,1532,IREC-min,,,,http://hypermedia.com.tn/wp-content/uploads/2020/03/IREC-min.jpg,irec-conference.com,2019,https://irec-conference.com/wp-content/uploads/2019/04/irec_2020.png
1533,"Création d'un site web pour : Vera nature","<strong>Création d'un site web E-commerce pour</strong> Vera Nature.<br>
Vera nature est un boutique en ligne qui met à la disposition de ses clients une diversité de produits de beauté naturels, des compléments alimentaires naturels pour son bien-être.",http://hypermedia.com.tn/wp-content/uploads/2020/03/Verra-Nature-min.jpg,Verra-Nature-min.jpg,/home/hypermed/public_html/wp-content/uploads/2020/03/Verra-Nature-min.jpg,1534,Verra-Nature-min,,,,http://hypermedia.com.tn/wp-content/uploads/2020/03/Verra-Nature-min.jpg,vera-nature.com,2019,https://vera-nature.com/wp-content/uploads/2013/06/logo_vernature.png
1535,"Création d'un site web pour : ITC","<strong>Création d'un site web vitrine pour le centre de formation</strong> ITC.<br>
ITC est un centre de formation spécialisé dans la sécurité en mer aux normes internationales, travaillant dans l'industrie du pétrole et du gaz offshore et onshore.",http://hypermedia.com.tn/wp-content/uploads/2020/03/ITC-min.jpg,ITC-min.jpg,/home/hypermed/public_html/wp-content/uploads/2020/03/ITC-min.jpg,1536,ITC-min,,,,http://hypermedia.com.tn/wp-content/uploads/2020/03/ITC-min.jpg,www.itc-tunisia.net,2018,https://www.itc-tunisia.net/wp-content/uploads/2018/02/logo_itc.png
1537,"Création d'un site web pour :  IPSAS","<strong>Création d'un site web dynamique pour</strong> IPSAS.<br>
IPSAS est un institut privé basé à Sfax, offre une variété des formations de préparatoires et de cycles d'ingénieurs pour les nouveaux bacheliers.  ",http://hypermedia.com.tn/wp-content/uploads/2020/03/IPSAS-min.jpg,IPSAS-min.jpg,/home/hypermed/public_html/wp-content/uploads/2020/03/IPSAS-min.jpg,1538,IPSAS-min,,,,http://hypermedia.com.tn/wp-content/uploads/2020/03/IPSAS-min.jpg,ipsas-ens.net,2017,https://ipsas-ens.net/wp-content/themes/ipsas/images/ipsas/ipsas_logo.png
1539,"Création d'un site web pour : Aet Export","<strong>Création d'un site web vitrine pour</strong> AET EXPORT.<br>
AET EXPORT est un partenaire de la multinationale Intertek, a été fondé en 2002.<br>
Spécialiste dans le contrôle qualité depuis l'année 2000, le cabinet a ensuite étendu ses domaines de compétences pour devenir un acteur de référence dans l’audit social et environnemental.",http://hypermedia.com.tn/wp-content/uploads/2020/03/AET-export-min.jpg,AET-export-min.jpg,/home/hypermed/public_html/wp-content/uploads/2020/03/AET-export-min.jpg,1540,AET-export-min,,,,http://hypermedia.com.tn/wp-content/uploads/2020/03/AET-export-min.jpg,www.aet-export.tn,2020,http://aet-export.tn/wp-content/uploads/2015/05/Logo_AET_Export1.jpg
1541,"Réalisation d'un site web pour : Le Méditerranée","<strong>Création d'un site web vtirne pour</strong>restaurant LE MÉDITERRANÉE.<br>
Le développement d'un site web pour Le Méditerranée, restaurant situé dans la Marina Sousse et qui vous accueille dans un cadre unique.",http://hypermedia.com.tn/wp-content/uploads/2020/03/le-mediterranee-min.jpg,le-mediterranee-min.jpg,/home/hypermed/public_html/wp-content/uploads/2020/03/le-mediterranee-min.jpg,1543,le-mediterranee-min,,,,http://hypermedia.com.tn/wp-content/uploads/2020/03/le-mediterranee-min.jpg,www.lemediterranee.com.tn,2017,http://hypermedia.com.tn/wp-content/uploads/2020/03/restaurant-le-mediterrannee.png
1546,"Création d'un site web pour : SIMEM","<strong>Création d'un site web catalogue pour</strong> SIMEM.<br>
SIMEM est une société tunisienne spécialisée dans la fabrication et la distribution des luminaires en Tunisie.",http://hypermedia.com.tn/wp-content/uploads/2020/03/Simem-min.jpg,Simem-min.jpg,/home/hypermed/public_html/wp-content/uploads/2020/03/Simem-min.jpg,1547,Simem-min,,,,http://hypermedia.com.tn/wp-content/uploads/2020/03/Simem-min.jpg,www.simem.com.tn,2016,https://simem.com.tn/wp-content/uploads/2018/05/new-logo.png
1554,"3éme festival de l'olivier ""Huile Gargouri""",,http://hypermedia.com.tn/wp-content/uploads/2020/03/huilegargouri.jpg|http://hypermedia.com.tn/wp-content/uploads/2020/03/pep-amen.jpg|http://hypermedia.com.tn/wp-content/uploads/2020/03/cis.jpg|http://hypermedia.com.tn/wp-content/uploads/2020/03/alawla.jpg|http://hypermedia.com.tn/wp-content/uploads/2020/03/bocus_or.jpg|http://hypermedia.com.tn/wp-content/uploads/2020/03/maximen.jpg|http://hypermedia.com.tn/wp-content/uploads/2020/03/iceberg.jpg|http://hypermedia.com.tn/wp-content/uploads/2020/03/veranature.jpg|http://hypermedia.com.tn/wp-content/uploads/2020/03/tandoor.jpg,huilegargouri.jpg|pep-amen.jpg|cis.jpg|alawla.jpg|bocus_or.jpg|maximen.jpg|iceberg.jpg|veranature.jpg|tandoor.jpg,/home/hypermed/public_html/wp-content/uploads/2020/03/huilegargouri.jpg|/home/hypermed/public_html/wp-content/uploads/2020/03/pep-amen.jpg|/home/hypermed/public_html/wp-content/uploads/2020/03/cis.jpg|/home/hypermed/public_html/wp-content/uploads/2020/03/alawla.jpg|/home/hypermed/public_html/wp-content/uploads/2020/03/bocus_or.jpg|/home/hypermed/public_html/wp-content/uploads/2020/03/maximen.jpg|/home/hypermed/public_html/wp-content/uploads/2020/03/iceberg.jpg|/home/hypermed/public_html/wp-content/uploads/2020/03/veranature.jpg|/home/hypermed/public_html/wp-content/uploads/2020/03/tandoor.jpg,1555|1556|1557|1558|1559|1560|1561|1562|1563,huilegargouri|pep-amen|cis|alawla|bocus_or|maximen|iceberg|veranature|tandoor,||||||||,||||||||,||||||||,http://hypermedia.com.tn/wp-content/uploads/2020/03/huilegargouri.jpg,,,
1564,"Vidéo de présentation des produits ""Vernature""",,http://hypermedia.com.tn/wp-content/uploads/2020/03/veranature.jpg,veranature.jpg,/home/hypermed/public_html/wp-content/uploads/2020/03/veranature.jpg,1562,veranature,,,,http://hypermedia.com.tn/wp-content/uploads/2020/03/veranature.jpg,,,
1565,"Vidéo de démonstration des produits ""Iceberg""",,http://hypermedia.com.tn/wp-content/uploads/2020/03/iceberg.jpg,iceberg.jpg,/home/hypermed/public_html/wp-content/uploads/2020/03/iceberg.jpg,1561,iceberg,,,,http://hypermedia.com.tn/wp-content/uploads/2020/03/iceberg.jpg,,,
1566,"Vidéo de présentation de la collection ""Maximen"" 2020",,http://hypermedia.com.tn/wp-content/uploads/2020/03/maximen.jpg,maximen.jpg,/home/hypermed/public_html/wp-content/uploads/2020/03/maximen.jpg,1560,maximen,,,,http://hypermedia.com.tn/wp-content/uploads/2020/03/maximen.jpg,,,
1567,"Trailer Bocuse d'or 2019 - Team Tunisia",,http://hypermedia.com.tn/wp-content/uploads/2020/03/bocus_or.jpg,bocus_or.jpg,/home/hypermed/public_html/wp-content/uploads/2020/03/bocus_or.jpg,1559,bocus_or,,,,http://hypermedia.com.tn/wp-content/uploads/2020/03/bocus_or.jpg,,,
1568,"Présentation du Concept ""Alawla""",,http://hypermedia.com.tn/wp-content/uploads/2020/03/alawla.jpg,alawla.jpg,/home/hypermed/public_html/wp-content/uploads/2020/03/alawla.jpg,1558,alawla,,,,http://hypermedia.com.tn/wp-content/uploads/2020/03/alawla.jpg,,,
1569,"Vidéo de présentation de la société ""CIS Confection""",,http://hypermedia.com.tn/wp-content/uploads/2020/03/cis.jpg,cis.jpg,/home/hypermed/public_html/wp-content/uploads/2020/03/cis.jpg,1557,cis,,,,http://hypermedia.com.tn/wp-content/uploads/2020/03/cis.jpg,,,
1570,"Vidéo de présentation de la papinère ""El Amen""",,http://hypermedia.com.tn/wp-content/uploads/2020/03/pep-amen.jpg,pep-amen.jpg,/home/hypermed/public_html/wp-content/uploads/2020/03/pep-amen.jpg,1556,pep-amen,,,,http://hypermedia.com.tn/wp-content/uploads/2020/03/pep-amen.jpg,,,
1671,Ceylan,,http://hypermedia.com.tn/wp-content/uploads/2020/04/ceylan.jpg,ceylan.jpg,/home/hypermed/public_html/wp-content/uploads/2020/04/ceylan.jpg,1664,ceylan,,,,http://hypermedia.com.tn/wp-content/uploads/2020/04/ceylan.jpg,https://www.facebook.com/ceylan.tn/,,
1675,"Chaker jeux",,http://hypermedia.com.tn/wp-content/uploads/2020/04/chaker-jeux.jpg,chaker-jeux.jpg,/home/hypermed/public_html/wp-content/uploads/2020/04/chaker-jeux.jpg,1665,chaker-jeux,,,,http://hypermedia.com.tn/wp-content/uploads/2020/04/chaker-jeux.jpg,https://www.facebook.com/Chakerjeux.Tunisia/,,
1678,"Golden Cars",,http://hypermedia.com.tn/wp-content/uploads/2020/04/golden-cars.jpg,golden-cars.jpg,/home/hypermed/public_html/wp-content/uploads/2020/04/golden-cars.jpg,1666,golden-cars,,,,http://hypermedia.com.tn/wp-content/uploads/2020/04/golden-cars.jpg,https://www.facebook.com/goldencars.tn/,,
1679,Hypergroup,,http://hypermedia.com.tn/wp-content/uploads/2020/04/Hyper-group.jpg,Hyper-group.jpg,/home/hypermed/public_html/wp-content/uploads/2020/04/Hyper-group.jpg,1667,Hyper-group,,,,http://hypermedia.com.tn/wp-content/uploads/2020/04/Hyper-group.jpg,https://www.facebook.com/Hypergroup.tunisie/,,
1681,Odora,,http://hypermedia.com.tn/wp-content/uploads/2020/04/Odora.jpg,Odora.jpg,/home/hypermed/public_html/wp-content/uploads/2020/04/Odora.jpg,1669,'dora,,,,http://hypermedia.com.tn/wp-content/uploads/2020/04/Odora.jpg,https://www.facebook.com/odora.sfax/,,
1682,"Ok distribution",,http://hypermedia.com.tn/wp-content/uploads/2020/04/ok-dis.jpg,ok-dis.jpg,/home/hypermed/public_html/wp-content/uploads/2020/04/ok-dis.jpg,1670,ok-dis,,,,http://hypermedia.com.tn/wp-content/uploads/2020/04/ok-dis.jpg,https://www.facebook.com/NaelCommerce/,,
1683,"Pépinière El Amen",,http://hypermedia.com.tn/wp-content/uploads/2020/04/pépiniére-elaman-1.jpg,pépiniére-elaman-1.jpg,/home/hypermed/public_html/wp-content/uploads/2020/04/pépiniére-elaman-1.jpg,1672,pépiniére-elaman-1,,,,http://hypermedia.com.tn/wp-content/uploads/2020/04/pépiniére-elaman-1.jpg,https://www.facebook.com/pepiniere.tunisie/,,
1684,"Schooling Tej",,http://hypermedia.com.tn/wp-content/uploads/2020/04/schooling-tej.jpg,schooling-tej.jpg,/home/hypermed/public_html/wp-content/uploads/2020/04/schooling-tej.jpg,1674,schooling-tej,,,,http://hypermedia.com.tn/wp-content/uploads/2020/04/schooling-tej.jpg,https://www.facebook.com/SchoolingTej/,,
1949,"Création d'un site web Vitrine pour la société EBA","<strong>Création d'un site web vitrine</strong> pour la société EBA.<br>
EBA est une société Tunisienne spécialisée dans la conception et la fabrication métallique de haute précision et les produits finis assemblés, travaillant avec des tôles, profiler et des tubes en diffèrent matériau. ",http://hypermedia.com.tn/wp-content/uploads/2021/03/eba-mockup.jpg,eba-mockup.jpg,/home/hypermed/public_html/wp-content/uploads/2021/03/eba-mockup.jpg,1950,eba-mockup,,,,http://hypermedia.com.tn/wp-content/uploads/2021/03/eba-mockup.jpg,eba.com.tn,2020,http://hypermedia.com.tn/wp-content/uploads/2021/03/logo_eba.png
1958,"Création site web catalogue pour la société Greenway","<strong>Création site web catalogue pour la société Greenway.</strong><br>
Greenway trading Company est une société Tunisienne totalement exportatrice qui offre à ses clients en Europe et en Asie une variété de produits agroalimentaire, des fruits et légumes frais et des produits maritimes ",http://hypermedia.com.tn/wp-content/uploads/2021/03/greenway-mockup.jpg,greenway-mockup.jpg,/home/hypermed/public_html/wp-content/uploads/2021/03/greenway-mockup.jpg,1951,greenway-mockup,,,,http://hypermedia.com.tn/wp-content/uploads/2021/03/greenway-mockup.jpg,greenway-tn.com,2020,http://hypermedia.com.tn/wp-content/uploads/2021/03/logo.png
1960,"Site E-commerce Kastello","<strong>Création site web E-commerce pour la société Kastello.</strong><br>
Kastello est une site web de vente en ligne des vêtements et des accessoires 100% pour femmes.",http://hypermedia.com.tn/wp-content/uploads/2021/03/kastelo-mockup.jpg,kastelo-mockup.jpg,/home/hypermed/public_html/wp-content/uploads/2021/03/kastelo-mockup.jpg,1952,kastelo-mockup,,,,http://hypermedia.com.tn/wp-content/uploads/2021/03/kastelo-mockup.jpg,kastelo.com.tn,2020,http://hypermedia.com.tn/wp-content/uploads/2021/03/kastelo_big.png
1963,"Création site web entreprise pour Société Avenir Services","<strong>Création site web pour l'entreprise Société Avenir Services<strong><br>
Société Avenir Services spécialisée dans la conception et la fabrication de menuiserie en aluminium pour l'habitat et l'industrie. ",http://hypermedia.com.tn/wp-content/uploads/2021/03/mockup-avenir.jpg,mockup-avenir.jpg,/home/hypermed/public_html/wp-content/uploads/2021/03/mockup-avenir.jpg,1953,mockup-avenir,,,,http://hypermedia.com.tn/wp-content/uploads/2021/03/mockup-avenir.jpg,www.avenir-services-aluminium.com,2020,http://hypermedia.com.tn/wp-content/uploads/2021/03/logo-small.png
1965,"Création site vitrine pour ODORA","<p class=""title_project""><strong>Création d'un site web vitrine</strong> pour ODORA</p>
ODORA vous offre une large panoplie d’articles métissant l’authentique de notre pâtisserie Tunisienne avec le moderne.",http://hypermedia.com.tn/wp-content/uploads/2021/03/mockup-odora.jpg,mockup-odora.jpg,/home/hypermed/public_html/wp-content/uploads/2021/03/mockup-odora.jpg,1954,mockup-odora,,,,http://hypermedia.com.tn/wp-content/uploads/2021/03/mockup-odora.jpg,odora.tn,2020,http://hypermedia.com.tn/wp-content/uploads/2021/03/odora-logo.png
1967,"Création site web catalogue pour Socyp sanitaire","<p class=""title_project""><strong>Création d'un site web catalogue</strong> pour Socyp sanitaire</p>
Socyp sanitaire est une société experte en fabrication, assemblage et distribution des raccords en PVC et des accessoires sanitaires en Tunisie et en Afrique.",http://hypermedia.com.tn/wp-content/uploads/2021/03/mockup-socyp.jpg,mockup-socyp.jpg,/home/hypermed/public_html/wp-content/uploads/2021/03/mockup-socyp.jpg,1955,mockup-socyp,,,,http://hypermedia.com.tn/wp-content/uploads/2021/03/mockup-socyp.jpg,socypsanitaire.com,,http://hypermedia.com.tn/wp-content/uploads/2021/03/logo-Socyp.png
1969,"Création site web pour STI Industries","<p class=""title_project""><strong>Création d'un site web vitrine</strong> pour STI Industries</p>
STI Industries est société spécialisée dans la ventilation et climatisation industrielle, le captage de poussières industrielles et le transport pneumatique.",http://hypermedia.com.tn/wp-content/uploads/2021/03/sti-mockup.jpg,sti-mockup.jpg,/home/hypermed/public_html/wp-content/uploads/2021/03/sti-mockup.jpg,1956,sti-mockup,,,,http://hypermedia.com.tn/wp-content/uploads/2021/03/sti-mockup.jpg,sti-industrie.com,2020,http://hypermedia.com.tn/wp-content/uploads/2021/03/logo-sti.png
